Compound,Date,Negative,Neutral,Positive,Tweet Text,Tweets Ago,User
0.0,Sun Sep 16 17:04:06 +0000 2018,0.0,1.0,0.0,From overnight oats to kids' fruit cobbler: here are some quick and simple blackberry recipes.  üòç‚Ä¶ https://t.co/R3NOxFaED1,0,@BBC
0.0,Sun Sep 16 16:02:03 +0000 2018,0.0,1.0,0.0,From Viola Davis to Robert Pattinson: these are the stars who 'regret' their big roles. https://t.co/jfEkKsKryO https://t.co/yD6fxIOBXg,1,@BBC
0.0,Sun Sep 16 15:03:04 +0000 2018,0.0,1.0,0.0,"""You cannot make clothes without pockets!"" 

Miriam getting a makeover is everything. ‚ù§Ô∏èÔ∏è

https://t.co/WfjTPgFROW",2,@BBC
-0.1531,Sun Sep 16 14:04:05 +0000 2018,0.176,0.676,0.149,A new scientific study suggests that there are strong similarities between near death experiences and psychedelic d‚Ä¶ https://t.co/xgw82FQzeZ,3,@BBC
0.0,Sun Sep 16 14:01:39 +0000 2018,0.0,1.0,0.0,RT @BBCSport: We ‚ù§Ô∏è Vera! https://t.co/4jTELqBPBv,4,@BBC
0.5983,Sun Sep 16 13:02:01 +0000 2018,0.0,0.777,0.223,"This is unbelievable! üëïüì≤Ô∏è‚öΩÔ∏è

Sam is 17 and sells clothes to the likes of @paulpogba, @kylewalker2 and @aubameyang7.

https://t.co/OcXmoK4IlQ",5,@BBC
-0.7717,Sun Sep 16 11:02:07 +0000 2018,0.283,0.717,0.0,"""If someone offered me my arms back, I wouldn't take them"".

Seok Chang-woo lost both arms in a horrific accident,‚Ä¶ https://t.co/32iRbW38uV",6,@BBC
0.5574,Sun Sep 16 10:03:03 +0000 2018,0.0,0.66,0.34,"üòÇüòÇüòÇ @kenjeong's laugh is ICONIC. 

@crazyrichmovie @aliplumb

https://t.co/WQu5bdPeQP",7,@BBC
0.6588,Sun Sep 16 09:50:43 +0000 2018,0.0,0.747,0.253,"Space race! üöÄüèÉ‚≠êÔ∏è

@usainbolt is just as great at running in zero gravity...

https://t.co/JRVh3a5TZZ",8,@BBC
0.4588,Sun Sep 16 08:37:46 +0000 2018,0.0,0.875,0.125,"RT @bbcthree: All your fav bits from Ep 1 in one tasty vid.

The #KillingEve boxset is on BBC Three iPlayer now. https://t.co/Fzw1UJZApc",9,@BBC
0.0,Sun Sep 16 08:03:03 +0000 2018,0.0,1.0,0.0,‚ÄúSingapore is a character in this film‚Äù: @gemma_chan talks to Steve Wright about her role in #CrazyRichAsians. üé¨üçø‚Ä¶ https://t.co/A2AjFScRV0,10,@BBC
-0.25,Sun Sep 16 07:32:07 +0000 2018,0.298,0.484,0.218,Can cold water swimming treat depression? üíô https://t.co/iGy1AyPJ0V https://t.co/hXu5SFpgTn,11,@BBC
0.6249,Sun Sep 16 07:02:03 +0000 2018,0.104,0.63,0.266,"These beautiful fish have devastating effects on their habitat, but @reef_org are working to save Miami's coastal w‚Ä¶ https://t.co/qXCjAfHtix",12,@BBC
0.4019,Sat Sep 15 21:03:05 +0000 2018,0.0,0.886,0.114,"üêÆü§îüêê Do you know your beef from your GOAT? 

üí¨ Police have compiled a list of slang words to help them understand te‚Ä¶ https://t.co/Zw5LGI8bVv",13,@BBC
-0.91,Sat Sep 15 19:14:04 +0000 2018,0.489,0.511,0.0,"Spying, obsession, murder. @iamsandraoh and @jodiecomer star in Killing Eve. 

#KillingEve | 9:15pm | @BBCOne |‚Ä¶ https://t.co/fQDJ2Pc0Az",14,@BBC
0.4404,Sat Sep 15 17:49:36 +0000 2018,0.0,0.791,0.209,RT @bbcthree: This is truly magical: Sue and her underwater wheelchair. https://t.co/CRXs4SlmvL,15,@BBC
0.4215,Sat Sep 15 17:03:02 +0000 2018,0.0,0.817,0.183,"Celebrity dancers from the past 15 years share the inside scoop on their @bbcstrictly experience... üíÉüï∫‚ú®

Strictly C‚Ä¶ https://t.co/UlbvXy2MHj",16,@BBC
-0.5106,Sat Sep 15 16:05:05 +0000 2018,0.202,0.798,0.0,"‚òïÔ∏è ‚ÄòWhy I rejected Costa Coffee‚Äôs ¬£120k offer for my roadside caf√©‚Äô. 

üìªüëâ https://t.co/RSJYIVt5zs https://t.co/mjLYBMHFto",17,@BBC
0.1007,Sat Sep 15 15:04:01 +0000 2018,0.0,0.92,0.08,"What a shot!  üò≤üì∑üêü

This photographer captured an image of a heron eating a fish that's eating another fish. 

https://t.co/6Gm608h6n0",18,@BBC
-0.4404,Sat Sep 15 14:03:04 +0000 2018,0.121,0.879,0.0,"The head of a major music label in South Korea has denied reports HyunA and E'Dawn, two members of the pop trio‚Ä¶ https://t.co/veTBbeS7MI",19,@BBC
0.0,Sat Sep 15 13:02:04 +0000 2018,0.0,1.0,0.0,"With a suit, shirt and a pair of shoes, Maria can make a life-changing difference. üëî

https://t.co/rdmt94Cuh7",20,@BBC
0.6239,Sat Sep 15 11:02:08 +0000 2018,0.0,0.687,0.313,"This is the cutest robot we've ever seen! üòçü§ñ

https://t.co/tfBJGGJWmc",21,@BBC
0.4588,Sat Sep 15 10:03:03 +0000 2018,0.0,0.842,0.158,"SO üòçMANY üòçDOGS üòç

Meet Iain, the man behind an Instagram account dedicated to dogs in Glasgow. 

https://t.co/pL0MUcvkFk",22,@BBC
0.0,Sat Sep 15 09:00:17 +0000 2018,0.0,1.0,0.0,"RT @bbcthree: These kids did not hold back.
#Strictly https://t.co/ltrw4PW3j3",23,@BBC
-0.4404,Sat Sep 15 08:57:03 +0000 2018,0.162,0.838,0.0,"RT @BBCOne: Wondering whodunnit in #Bodyguard? Don‚Äôt worry, #LineOfDuty's Ted Hastings is on the case... https://t.co/joi7gZo7Qs",24,@BBC
-0.7184,Sat Sep 15 08:02:07 +0000 2018,0.273,0.727,0.0,"Commuters applying make-up is a major source of irritation to some train passengers. 

But what's the problem, and‚Ä¶ https://t.co/8mJ0XKWGH1",25,@BBC
0.5859,Sat Sep 15 07:32:04 +0000 2018,0.0,0.787,0.213,'Flower-vase hair' is the latest beauty trend you didn't know you wanted. üíêüíÅ https://t.co/aE4jL21UWD https://t.co/HA783PBpLt,26,@BBC
-0.2263,Sat Sep 15 07:03:03 +0000 2018,0.095,0.905,0.0,"'Some mothers would bawl for days'. üêÆü•õ

This dairy farmer has stopped taking calves away from their mothers.

https://t.co/COEsnRrHMD",27,@BBC
0.0,Fri Sep 14 20:02:09 +0000 2018,0.0,1.0,0.0,"Hugh Dennis and @daraobriain look back at the week's news with @tomallencomedy, @MrEdByrne, @rhysjamesy,‚Ä¶ https://t.co/yCq4Hp7p7r",28,@BBC
0.0,Fri Sep 14 18:03:05 +0000 2018,0.0,1.0,0.0,"A celebration of the critically acclaimed female singers who, decade by decade, changed the world one note at a tim‚Ä¶ https://t.co/tJoOLgqCFT",29,@BBC
0.0,Fri Sep 14 16:14:47 +0000 2018,0.0,1.0,0.0,"RT @BBCSport: Friday night, as brought to you by Jose Mourinho üçªü•Çüï∫ü§¢ https://t.co/ybHzwXtvvt",30,@BBC
0.0,Fri Sep 14 16:02:00 +0000 2018,0.0,1.0,0.0,Actual footage of my weekend plans... üò¥ #FridayFeeling https://t.co/ur7TezLIWn,31,@BBC
0.0,Fri Sep 14 15:02:09 +0000 2018,0.0,1.0,0.0,"Gin + collagen = collagin! üç∏

Could this gin make you look younger? ü§∑ #DragonsDen

https://t.co/WoLuk1qE2r",32,@BBC
0.34,Fri Sep 14 14:45:34 +0000 2018,0.092,0.76,0.148,"RT @BBCFOUR: Amy Winehouse changed the landscape of modern pop culture, achieving both critical acclaim and global success. Here, she talks‚Ä¶",33,@BBC
0.3612,Fri Sep 14 13:57:04 +0000 2018,0.0,0.889,0.111,"‚ÄúWhere the listener or reader expects a name, the brain pauses, and you can slide whatever you like into that gap.‚Äù‚Ä¶ https://t.co/OzIuOJvT8e",34,@BBC
0.0,Fri Sep 14 13:02:05 +0000 2018,0.0,1.0,0.0,"Today would have been Amy Winehouse's 35th Birthday. ‚ù§Ô∏èÔ∏è

What's your favourite Amy track?

https://t.co/w9zbzGhFpm",35,@BBC
0.0,Fri Sep 14 11:03:02 +0000 2018,0.0,1.0,0.0,"'Without fungi, ecosystems would collapse'. üçÑüå±

Scientists think that fungi could break down plastic! üî¨‚ôªÔ∏è

https://t.co/JrPYTaeMYO",36,@BBC
-0.4767,Fri Sep 14 10:03:04 +0000 2018,0.194,0.806,0.0,"This man reported his 5-year-old-son missing after his ex-partner stopped him seeing him. 

What happened next is u‚Ä¶ https://t.co/sIAVUrJxWg",37,@BBC
0.0,Fri Sep 14 09:15:42 +0000 2018,0.0,1.0,0.0,RT @bbc5live: This was @Rachael_Hodges final podcast recording with @bowelbabe and @GIRLSTOLELONDON - and they're talking ‚ÄòAbout The New No‚Ä¶,38,@BBC
0.0,Fri Sep 14 09:04:05 +0000 2018,0.0,1.0,0.0,"What does the S on Superman's chest stand for? (Hint: It's not Super!) üòÇ #QI

https://t.co/9YIvz5nUNV",39,@BBC
-0.0935,Fri Sep 14 08:03:01 +0000 2018,0.137,0.742,0.121,"Iron-deficiency anaemia is the world's most common nutritional disorder.

Here's how to ensure you get enough iron‚Ä¶ https://t.co/susxAfvdNI",40,@BBC
-0.4588,Fri Sep 14 07:32:01 +0000 2018,0.143,0.857,0.0,"A mother who was forced to stand while breastfeeding on a crowded train, has urged people to show ""common courtesy""‚Ä¶ https://t.co/7QmDpmiH8G",41,@BBC
0.0,Thu Sep 13 19:08:05 +0000 2018,0.0,1.0,0.0,"You'll never look at University in the same way again... üòÇ
 #QI

https://t.co/5S0bCZKvZT",42,@BBC
0.6114,Thu Sep 13 17:04:06 +0000 2018,0.0,0.6,0.4,"Happy birthday @NiallOfficial, never change! üéàüáÆüá™

https://t.co/VjE3e26tb9",43,@BBC
0.4199,Thu Sep 13 16:03:14 +0000 2018,0.0,0.872,0.128,"RT @BBCR1: üéâ Tickets for the #R1TeenAwards are ON SALE NOW! üéâ

Go here for tickets üëâ https://t.co/BsVVX86K4J

Get ready for performances fr‚Ä¶",44,@BBC
0.457,Thu Sep 13 16:03:03 +0000 2018,0.113,0.688,0.199,"It's impossible to watch this without laughing! üòÇ

A Scottish Granny has gone viral after she REALLY enjoyed readin‚Ä¶ https://t.co/rGzHqvqOSj",45,@BBC
0.3818,Thu Sep 13 15:03:07 +0000 2018,0.0,0.822,0.178,These stunning photographs capture life on the coast of Britain. üì∑üåä https://t.co/F4KhfftK5f https://t.co/bIeniftu8e,46,@BBC
0.8104,Thu Sep 13 14:03:03 +0000 2018,0.115,0.527,0.358,"""I love writing and reading about horrible people. They are much more fun than nice people."" 

Roald Dahl discusses‚Ä¶ https://t.co/a1UjqXSvYq",47,@BBC
0.5994,Thu Sep 13 11:02:03 +0000 2018,0.0,0.822,0.178,"What happens to your body when you beatbox? üîäüíÄ

Scientists put beatbox champion @_GraceSavage through an MRI scanne‚Ä¶ https://t.co/ltQ78Q0U6g",48,@BBC
0.0,Thu Sep 13 10:30:00 +0000 2018,0.0,1.0,0.0,"The coral triangle in south-east Asia is home to more marine species than anywhere else. 

But it‚Äôs also home to an‚Ä¶ https://t.co/DPrkXRhdzD",49,@BBC
0.5106,Thu Sep 13 09:04:08 +0000 2018,0.116,0.612,0.272,Outstanding in their fields: these scarecrows are incredible. üëèüå≥ https://t.co/2oQpyhVF8o https://t.co/4sL0xUAFHc,50,@BBC
0.5719,Thu Sep 13 08:04:03 +0000 2018,0.0,0.73,0.27,"This wonderful woman rehabilitates animals for a living. ‚ù§Ô∏èÔ∏è



(Via @BBCThree)


https://t.co/vr8ikmTsbJ",51,@BBC
0.4688,Thu Sep 13 07:31:07 +0000 2018,0.0,0.831,0.169,"What a paw-trait! üê∂üì∏ These photographs prove that dogs really do look like their owners. 

üëâ https://t.co/8dARVaIdP9 https://t.co/A39cl3LQgw",52,@BBC
0.6369,Thu Sep 13 06:59:04 +0000 2018,0.0,0.698,0.302,"üé∂üèñWhat it's like raving in a wheelchair on the party island of Ibiza. 

https://t.co/gQmhDNpZx2 https://t.co/jNfX5Go0tT",53,@BBC
0.6114,Thu Sep 13 06:03:01 +0000 2018,0.0,0.826,0.174,Think it's impossible to draw a perfect circle? Think again! All you need is a couple of pens and a paperclip... üò≤‚Ä¶ https://t.co/0BTSrCRZX0,54,@BBC
0.9136,Wed Sep 12 19:03:07 +0000 2018,0.0,0.542,0.458,"Inspired by actual events, Trust delves into the trials and triumphs of one of America's wealthiest and unhappiest‚Ä¶ https://t.co/mwSoUz00kc",55,@BBC
0.1511,Wed Sep 12 17:03:07 +0000 2018,0.146,0.671,0.183,"What a treat! @stephenfry and @MichaelRosenYes discuss their mutual obsession with language. 

üìªüëâ‚Ä¶ https://t.co/UlYCeDzYZz",56,@BBC
0.3612,Wed Sep 12 16:04:01 +0000 2018,0.0,0.828,0.172,"‚úèÔ∏èüìñIf you ever see a question like this on an exam... RUN. üòÇ
Ôøº
 #MockTheWeek

https://t.co/qLX02EBwuD",57,@BBC
-0.25,Wed Sep 12 15:02:02 +0000 2018,0.093,0.854,0.053,Elle lost her son Teddy soon after he was born. She wants to challenge the idea that a person can only be considere‚Ä¶ https://t.co/7MBjJU6AFA,58,@BBC
-0.296,Wed Sep 12 14:03:05 +0000 2018,0.152,0.742,0.105,American singer Charlie Puth says he tried to get Mac Miller clean and sober before the rapper's death last week.‚Ä¶ https://t.co/d3a3aKtyhg,59,@BBC
0.5574,Wed Sep 12 13:08:06 +0000 2018,0.0,0.841,0.159,üòÇ@Scott_Mills and @Chris_Stark put ‚Äúthe funniest man in British sport‚Äù @petercrouch to the test by getting him to t‚Ä¶ https://t.co/ldUXyI50Kx,60,@BBC
0.5719,Wed Sep 12 12:29:07 +0000 2018,0.0,0.783,0.217,"In the 1950s, when #PrincessMargaret wanted to marry ""a commoner,"" the British public were surprisingly keen on the‚Ä¶ https://t.co/o5u2vFgVtZ",61,@BBC
0.2975,Wed Sep 12 11:32:05 +0000 2018,0.0,0.784,0.216,"""It's sorta like Crufts for project managers.‚Äù üòÇ

https://t.co/fWqUSMfh1D¬†

https://t.co/OGyrFSfULW",62,@BBC
-0.4767,Wed Sep 12 10:14:06 +0000 2018,0.129,0.871,0.0,"Of all the things that could happen to a person, there's few things that could be worse‚Ä¶.

The Cry: coming soon to‚Ä¶ https://t.co/Ifph2SY3U3",63,@BBC
0.4215,Wed Sep 12 09:15:11 +0000 2018,0.0,0.865,0.135,RT @bbcpress: ‚ú®üé§‚ú® YouTube star and online influencer @anna_maynard announced as new presenter of @CBBC talent show #GotWhatItTakes: https:/‚Ä¶,64,@BBC
0.0,Wed Sep 12 09:02:01 +0000 2018,0.0,1.0,0.0,"üêªüçÅThis year's #Autumnwatch will take the team to New England, bringing you the most spectacular of seasons in four‚Ä¶ https://t.co/lFI4SoY2yL",65,@BBC
0.128,Wed Sep 12 08:01:07 +0000 2018,0.096,0.786,0.118,"üçî""My son's getting clean protein‚Ä¶ and no cholesterol.‚Äù

Meet the dad who feeds his son burgers almost every day.‚Ä¶ https://t.co/OCCcPs1EDy",66,@BBC
0.0,Wed Sep 12 07:31:00 +0000 2018,0.0,1.0,0.0,"Every year 640,000 tonnes of plastic from the fishing industry enters the sea. üé£

‚ôªÔ∏èBut there‚Äôs nowhere in the UK i‚Ä¶ https://t.co/V8Hcc4L02V",67,@BBC
-0.0772,Wed Sep 12 06:55:06 +0000 2018,0.123,0.769,0.108,"üöóüé® Meet James, aka Vanksy, a gas engineer who creates art from the dirt left on vehicles üñå

https://t.co/mhofR4xyH2",68,@BBC
0.6369,Tue Sep 11 19:07:02 +0000 2018,0.0,0.802,0.198,"üê∂üé¨ Ladybird and Snowflake were cast to star in the new British romantic comedy, Dusty &amp; Me. 

But what does it take‚Ä¶ https://t.co/SvufrDjxDs",69,@BBC
-0.5719,Tue Sep 11 17:59:04 +0000 2018,0.381,0.619,0.0,"The horror of online dating üòÇ

#Wanderlust 

https://t.co/d6wVsWssKL",70,@BBC
0.0,Tue Sep 11 17:05:07 +0000 2018,0.0,1.0,0.0,"A series following the life of Princess Margaret as she re-defined our image of the modern princess, profiling how‚Ä¶ https://t.co/6DHnhGO4hk",71,@BBC
0.34,Tue Sep 11 16:25:09 +0000 2018,0.0,0.833,0.167,RT @bbccomedy: Literally every time I auditioned for the school play.  #UpstartCrow @RealDMitchell https://t.co/pIhDkU2tXT,72,@BBC
0.783,Tue Sep 11 15:58:00 +0000 2018,0.0,0.712,0.288,"üßÄPastry, ham and gouda cheese...üòã 

Combine them all to make a breakfast fit for kings in this wonderful centrepiec‚Ä¶ https://t.co/oBXEW23R9z",73,@BBC
0.0,Tue Sep 11 14:18:08 +0000 2018,0.0,1.0,0.0,"RT @BBCSpringwatch: The New England colour change is so spectacular it can be seen from space üò≤
#TuesdayThoughts #Autumnwatch https://t.co/‚Ä¶",74,@BBC
0.0,Tue Sep 11 13:00:20 +0000 2018,0.0,1.0,0.0,üéæüèîTennis player @DjokerNole says a five-day hike in the mountains with his wife transformed his season.‚Ä¶ https://t.co/HhWQLKLETX,75,@BBC
0.3291,Tue Sep 11 12:00:19 +0000 2018,0.0,0.899,0.101,"It can be expensive and the success rates are still relatively unknown, but lots of women under 35 are having their‚Ä¶ https://t.co/zJFMatf5Cu",76,@BBC
0.5267,Tue Sep 11 11:05:05 +0000 2018,0.0,0.673,0.327,"üè° Would a bigger house make you happier?

https://t.co/ChtZlzE4CQ https://t.co/B4hvdNF1y5",77,@BBC
-0.34,Tue Sep 11 08:50:06 +0000 2018,0.107,0.893,0.0,From Nicki Minaj and Cardi B to Lady Gaga and Madonna - here are 8 of the biggest feuds in pop music üé∂‚û°Ô∏è‚Ä¶ https://t.co/bWV2ghkB1X,78,@BBC
0.4939,Tue Sep 11 08:02:04 +0000 2018,0.0,0.824,0.176,"Holly helped save someone's life, and changed her own in the process. 
#SavingLivesAtSea via @BBCThree  https://t.co/1Ca63uE4RF",79,@BBC
-0.6771,Tue Sep 11 07:27:05 +0000 2018,0.293,0.707,0.0,"Why were there so many serial killers in the 1980s?
üëâ https://t.co/JnQWlHeFvS https://t.co/F02uRnIBIU",80,@BBC
0.3612,Tue Sep 11 07:00:13 +0000 2018,0.0,0.828,0.172,‚ù§Ô∏è This club in Glasgow is running nights aimed at promoting inclusivity. https://t.co/zCXTsZVJ2v,81,@BBC
0.0,Mon Sep 10 19:06:03 +0000 2018,0.0,1.0,0.0,"James Fox tells the story of Australia's indigenous culture, the oldest continuous culture anywhere in the world, a‚Ä¶ https://t.co/5pAyJOvHUW",82,@BBC
0.0,Mon Sep 10 18:05:05 +0000 2018,0.0,1.0,0.0,Cooling down - elephant style üêò https://t.co/niviG9h3Cg,83,@BBC
-0.8402,Mon Sep 10 17:02:07 +0000 2018,0.444,0.556,0.0,"Suicide kills more men under 50 than anything else.

#WorldSuicidePreventionDay #WSPD

https://t.co/sshexDg1vi",84,@BBC
0.0,Mon Sep 10 16:23:57 +0000 2018,0.0,1.0,0.0,RT @bbcthree: Lucy was 22 and studying to become a nurse. This is her story. #WorldSuicidePreventionDay https://t.co/jSQugzd4BV,85,@BBC
0.0,Mon Sep 10 16:02:02 +0000 2018,0.0,1.0,0.0,‚úä How did a clenched fist become a gesture for empowerment? https://t.co/mFFNKB6dsV,86,@BBC
0.1511,Mon Sep 10 15:08:58 +0000 2018,0.0,0.898,0.102,"Anyone else 100% relate to this? üòÇ

 (You'll want the sound on!) üîäüöò 

 #EightGoRallying

https://t.co/ULYk3hqLHM 

https://t.co/uu0Znl71sJ",87,@BBC
0.0,Mon Sep 10 14:05:07 +0000 2018,0.0,1.0,0.0,"‚ÄúOnce you‚Äôve been touched by evil‚Ä¶ it never lets go.‚Äù

John Goodman, @MichaelaCoel, Noma Dumezweni and Harriet Walt‚Ä¶ https://t.co/jVsuuKQmgQ",88,@BBC
-0.2577,Mon Sep 10 13:04:03 +0000 2018,0.128,0.788,0.083,"üéû From a documentary on MIA to Idris Elba‚Äôs directorial debut, these are the films worth a trip to the cinema this‚Ä¶ https://t.co/EKChfvQXNQ",89,@BBC
0.0,Mon Sep 10 12:22:38 +0000 2018,0.0,1.0,0.0,"RT @BBCR1: .@30SECONDSTOMARS mashing up @JuiceWorlddd, @PostMalone, @Normani and @thegreatkhalid in the Live Lounge?

It really, REALLY wor‚Ä¶",90,@BBC
0.0,Mon Sep 10 12:03:05 +0000 2018,0.0,1.0,0.0,Ever heard of Tambourelli? https://t.co/gt2tmnOTQa,91,@BBC
0.0,Mon Sep 10 11:29:29 +0000 2018,0.0,1.0,0.0,RT @BBCOne: NEWS JUST IN: Filming begins this week on the fifth and final series of #Poldark. Head here for more üëâ https://t.co/Js6OtCRxK8‚Ä¶,92,@BBC
-0.1531,Mon Sep 10 11:05:08 +0000 2018,0.118,0.789,0.092,"Insects will be at the heart of worldwide crop losses as the climate warms up, predicts a US study.
üëâ‚Ä¶ https://t.co/t317WjY16V",93,@BBC
-0.4767,Mon Sep 10 10:16:52 +0000 2018,0.221,0.674,0.105,üèÑ¬†A surfer has tracked down the stranger who saved his life when he broke his neck in a surfing accident after a Fa‚Ä¶ https://t.co/tLrFxL8q91,94,@BBC
0.745,Mon Sep 10 09:03:39 +0000 2018,0.0,0.777,0.223,"RT @BBCR1: üéâ #R1TEENAWARDS 2018 üéâ

This is going to be HUGE! Performing at this year's Teen Awards üëá

‚≠êÔ∏è @LittleMix
‚≠êÔ∏è @5SOS
‚≠êÔ∏è @HRVY
‚≠êÔ∏è @J‚Ä¶",95,@BBC
0.128,Mon Sep 10 08:59:29 +0000 2018,0.079,0.789,0.133,"RT @BBCRadio2: Did @kylieminogue play your favourite Kylie song tonight?

If you missed the Hyde Park headline set or if you want to step b‚Ä¶",96,@BBC
0.4404,Mon Sep 10 08:00:08 +0000 2018,0.0,0.868,0.132,Two London police officers have set up a bike project scheme to improve relations between local police and young pe‚Ä¶ https://t.co/Uh38yxESnp,97,@BBC
0.4215,Mon Sep 10 07:27:03 +0000 2018,0.0,0.797,0.203,‚ö°Ô∏èüöÇ How the Hogwarts Express was saved from a Welsh scrapyard. https://t.co/7SGdI4Qql3 https://t.co/AUUCW6uVka,98,@BBC
0.5023,Mon Sep 10 07:00:05 +0000 2018,0.0,0.847,0.153,"""Michael doesn't speak to me in words but I feel like we communicate through our own little language."" 
(via‚Ä¶ https://t.co/qiBQEYrKlY",99,@BBC
0.0,Sun Sep 16 14:33:46 +0000 2018,0.0,1.0,0.0,RT @CBSAllAccess: Sundays were made for NFL on CBS. üèàüíØ Stream NFL on CBS All Access live today: https://t.co/vsod8jGE7N https://t.co/co2528‚Ä¶,0,@CBS
-0.4322,Sat Sep 15 16:00:01 +0000 2018,0.159,0.771,0.07,"What happens when a PTA mom steals nearly $100,000 from her daughter's school? Don't miss the #PinkCollarCrimes sea‚Ä¶ https://t.co/Gjiy0pByaE",1,@CBS
-0.2481,Fri Sep 14 18:22:59 +0000 2018,0.248,0.571,0.181,"RT @CBSAllAccess: No internet, no problem. You can now download and play your favorite shows on CBS All Access! üôå Learn how: https://t.co/y‚Ä¶",2,@CBS
0.0,Thu Sep 13 20:52:06 +0000 2018,0.0,1.0,0.0,@PlaggemeyLee Mac's putting something together. üòâ https://t.co/6ww5HlV6Bx,3,@CBS
0.0,Thu Sep 13 20:28:06 +0000 2018,0.0,1.0,0.0,This just in... https://t.co/QG3OYF6Rfv,4,@CBS
0.4753,Thu Sep 13 18:06:49 +0000 2018,0.083,0.699,0.218,RT @CBSAllAccess: Get excited! Stream original #MurphyBrown episodes for a limited time on CBS All Access before the @MurphyBrownCBS reviva‚Ä¶,5,@CBS
0.0,Mon Sep 10 17:06:16 +0000 2018,0.0,1.0,0.0,"This just in! The 54th #ACMawards will air LIVE from Las Vegas on Sunday, April 7, 2019 at 8/7c on CBS and‚Ä¶ https://t.co/Q9e7qxe26l",6,@CBS
-0.2263,Sun Sep 09 23:36:09 +0000 2018,0.083,0.917,0.0,"Due to an NFL overrun, CBS is delayed 17 mins in the following markets: Kansas City, Miami, Tampa, NOLA, New York,‚Ä¶ https://t.co/9eXZ9mA1Xb",7,@CBS
0.6705,Sun Sep 09 14:00:00 +0000 2018,0.0,0.718,0.282,Are you ready for some football? üèà Stream your favorite NFL games LIVE on #CBSAllAccess today:‚Ä¶ https://t.co/eHt8guHoyv,8,@CBS
0.4215,Sat Sep 08 16:20:43 +0000 2018,0.0,0.851,0.149,An unforgettable night of inspiring stories and performances highlighting the 10 years of impact #StandUpToCancer c‚Ä¶ https://t.co/8bp2XNKwfH,9,@CBS
0.0,Sat Sep 08 00:00:00 +0000 2018,0.0,1.0,0.0,The star-studded event is about to begin! Tune in now to watch #StandUpToCancer on CBS and @cbsallaccess. https://t.co/cD8TJuQBog,10,@CBS
-0.5411,Fri Sep 07 23:15:09 +0000 2018,0.196,0.712,0.092,"RT @cbsallaccess: Join #TellMeAStory's @daniellemcam, @BillyMagnussen &amp; Dorian Missick by standing up to cancer! Watch @SU2C tonight at 8/7‚Ä¶",11,@CBS
0.0,Fri Sep 07 21:50:51 +0000 2018,0.0,1.0,0.0,Tune in to a first-of-its-kind digital live show as lead up to @SU2C‚Äôs televised event tonight! The show will featu‚Ä¶ https://t.co/hIVaLAXYmR,12,@CBS
-0.296,Thu Sep 06 22:10:49 +0000 2018,0.121,0.879,0.0,Hollywood legend Burt Reynolds has passed away at the age of 82. He will be missed. https://t.co/HSmcJ9X9iC,13,@CBS
0.4753,Thu Sep 06 19:00:01 +0000 2018,0.0,0.808,0.192,Here are @FBICBS‚Äô @JeremySisto and @EboneeReigne with a powerful message before #StandUpToCancer airs tomorrow! https://t.co/OCqh91N1OO,14,@CBS
0.0,Wed Sep 05 21:00:00 +0000 2018,0.0,1.0,0.0,Here's everything you need to know before tuning into #StandUpToCancer this Friday at 8/7c: https://t.co/IT9ht84TZ1 https://t.co/OK4AOxw5mP,15,@CBS
0.3612,Wed Sep 05 17:32:40 +0000 2018,0.0,0.889,0.111,Survivor host @JeffProbst is here to break down the theme of #Survivor: David vs. Goliath before the new season beg‚Ä¶ https://t.co/8TcA200eFQ,16,@CBS
0.6908,Wed Sep 05 16:48:09 +0000 2018,0.0,0.467,0.533,"Thanks, @StephenAtHome. 
P.S. Nice beard. #LSSC https://t.co/wppVtfR9cL",17,@CBS
0.4215,Tue Sep 04 20:34:26 +0000 2018,0.0,0.865,0.135,The biggest names in entertainment are coming together once again for #StandUpToCancer this Friday at 8/7c on @CBS‚Ä¶ https://t.co/ntuGKLYvuW,18,@CBS
0.6514,Sat Sep 01 15:25:34 +0000 2018,0.0,0.829,0.171,RT @cbsallaccess: Stream #17 @WestVirginiaU vs. @UTKnoxville LIVE today at 3:30PM ET on CBS All Access! Try 1 month FREE using code BINGENO‚Ä¶,19,@CBS
0.0,Fri Aug 31 21:26:49 +0000 2018,0.0,1.0,0.0,"In just one week, @RWitherspoon, @McConaughey, Jennifer Garner, and more will attend the #‚ÄãStandUpToCancer fundrais‚Ä¶ https://t.co/iHKGOoWejA",20,@CBS
0.0,Fri Aug 31 18:01:01 +0000 2018,0.0,1.0,0.0,"Believe in miracles. Watch this sneak peek of the complete premiere episode of @GodFriendedMe now, a month before i‚Ä¶ https://t.co/5AIUH5VmMk",21,@CBS
-0.6908,Thu Aug 30 19:45:51 +0000 2018,0.239,0.761,0.0,"RT @cbsallaccess: Money. Murder. Mystery. #OneDollar is now streaming, exclusively on CBS All Access. https://t.co/3qFdTEmVU5 https://t.co/‚Ä¶",22,@CBS
0.6239,Thu Aug 30 15:32:47 +0000 2018,0.0,0.83,0.17,RT @GodFriendedMe: It's a godsend! We're dropping the #GodFriendedMe pilot tomorrow right here on Twitter for you to stream a full month be‚Ä¶,23,@CBS
0.0,Mon Aug 27 23:36:57 +0000 2018,0.0,1.0,0.0,"It's almost time for sweater weather, pumpkin spice lattes, and CBS Fall TV premieres. Check out the storylines for‚Ä¶ https://t.co/BpgDyYl8fc",24,@CBS
-0.4389,Fri Aug 24 20:30:16 +0000 2018,0.121,0.879,0.0,RT @cbsallaccess: #NFL preseason coverage is here! üèà The Detroit @Lions battle the Tampa Bay @Buccaneers tonight at 8PM ET. Stream the game‚Ä¶,25,@CBS
0.0,Wed Aug 22 20:55:25 +0000 2018,0.0,1.0,0.0,"@bigbangtheory üé∂...happy kitty, sleepy kitty, purr purr purrüé∂ #TheBigBangTheory https://t.co/sEObppGJlZ",26,@CBS
0.0,Wed Aug 22 20:10:12 +0000 2018,0.0,1.0,0.0,"This is going to require multiple singings of ""Soft Kitty."" https://t.co/UdRGNeQ7Lb",27,@CBS
0.5423,Mon Aug 20 21:59:56 +0000 2018,0.0,0.829,0.171,Got to get more of the @PaulMcCartney #CarpoolKaraoke into your life? @latelateshow produced an hour-long bonus spe‚Ä¶ https://t.co/DjPqajo6Xn,28,@CBS
0.3182,Fri Aug 17 17:42:02 +0000 2018,0.0,0.887,0.113,"How much does it cost to bury the truth? 
#OneDollar premieres August 30, exclusively on CBS All Access. https://t.co/ZL5TBH9ro5",29,@CBS
0.0,Thu Aug 16 18:40:09 +0000 2018,0.0,1.0,0.0,Things got carried away when @ArianaGrande joined @latelateshow for #CarpoolKaraoke. So did Ariana. #ArianaCarpool https://t.co/WSZcC0TaYz,30,@CBS
-0.5267,Thu Aug 16 00:09:03 +0000 2018,0.188,0.72,0.092,RT @cbsallaccess: Murder mystery set in a small town? We're in. Rediscover the genius of original #TwinPeaks co-creators @DAVID_LYNCH and @‚Ä¶,31,@CBS
0.0,Sun Aug 12 23:30:02 +0000 2018,0.0,1.0,0.0,New start times for @60Minutes 7:20ET/6:20CT @CBSBigBrother 8:20ET/7:20CT @NCISLA 9:20ET/8:20CT @Elementary_CBS 10:‚Ä¶ https://t.co/Op9VcDsREa,32,@CBS
0.4389,Sun Aug 12 15:04:59 +0000 2018,0.0,0.874,0.126,Clear your schedules for the 100th #PGAChamp! Stream the Final Round LIVE on @cbsallaccess at 2 PM ET across all de‚Ä¶ https://t.co/m6bH2pKTUN,33,@CBS
-0.3182,Sat Aug 11 18:00:00 +0000 2018,0.103,0.897,0.0,The fortune teller you‚Äôll meet this Saturday lived a life of luxury... by scamming her victims out of hundreds of t‚Ä¶ https://t.co/fJo6F2Eo5p,34,@CBS
0.4926,Sat Aug 11 15:00:02 +0000 2018,0.0,0.856,0.144,The 100th PGA Championship continues today! Stream it LIVE on @cbsallaccess at 2PM ET across all devices. Try 1 Wee‚Ä¶ https://t.co/jbMg06eOND,35,@CBS
0.8957,Fri Aug 10 22:28:55 +0000 2018,0.0,0.581,0.419,"To celebrate the 100th PGA Championship, relive some of the tournament's greatest moments with Luke Wilson. 

Don't‚Ä¶ https://t.co/wUuB93smr4",36,@CBS
0.0,Fri Aug 10 19:59:14 +0000 2018,0.0,1.0,0.0,"RT @TrueCrimeCBS: When Glenn Walp and Steve Doran uncovered theft at the Los Alamos National Laboratory, they HAD to blow their whistles. W‚Ä¶",37,@CBS
0.6696,Thu Aug 09 21:00:00 +0000 2018,0.0,0.745,0.255,Want to create your own @CBSBigBrother or @TKOCBS meme using one the photos here? It‚Äôs your lucky day! Head over to‚Ä¶ https://t.co/JHJWykNkQT,38,@CBS
0.7901,Thu Aug 09 18:47:00 +0000 2018,0.0,0.72,0.28,Time to celebrate! Your favorite Daytime shows will premiere with new seasons this fall. See all of the @CBSDaytime‚Ä¶ https://t.co/GNkK4Zf2kD,39,@CBS
0.6696,Wed Aug 08 16:05:11 +0000 2018,0.0,0.791,0.209,"Love is in the air, and the water! International smash hit #LoveIsland is coming to CBS. https://t.co/nepabuNoSU https://t.co/Cxgvkv463u",40,@CBS
0.0,Tue Aug 07 16:06:57 +0000 2018,0.0,1.0,0.0,The Executive Producers of @CBSBigBrother are teaming up with @KingJames and @MavCarter for an unprecedented televi‚Ä¶ https://t.co/V88bDeHmQs,41,@CBS
0.3612,Mon Aug 06 00:20:55 +0000 2018,0.0,0.889,0.111,"RT @cbsallaccess: Executive Producer of Tell Me A Story, @kevwilliamson, says ""What I like about the show, there‚Äôs nothing else on TV like‚Ä¶",42,@CBS
0.5411,Mon Aug 06 00:07:38 +0000 2018,0.098,0.683,0.219,RT @TheNeighborhood: Feel the love in this new teaser for #TheNeighborhood from the #CBS #TCA18! ü§ó https://t.co/rPmCozH5XP,43,@CBS
0.3818,Mon Aug 06 00:02:58 +0000 2018,0.0,0.894,0.106,RT @TheNeighborhood: Find out why Cedric the Entertainer and the cast think #TheNeighborhood is the kind of show that everyone can relate t‚Ä¶,44,@CBS
0.5093,Mon Aug 06 00:02:02 +0000 2018,0.0,0.845,0.155,That's all for our #CBS #TCA18 panels! Tune in this fall to watch all your favorite new shows. üôå https://t.co/hM85o9eRi8,45,@CBS
0.0,Sun Aug 05 23:58:41 +0000 2018,0.0,1.0,0.0,"RT @MagnumPICBS: ""If there was ever a time to bring back #MagnumPI, it's now."" - @PLenkov 
#CBS #TCA2018",46,@CBS
0.8316,Sun Aug 05 23:44:39 +0000 2018,0.0,0.694,0.306,"RT @MagnumPICBS: ""There are a lot of easter eggs from the original that fans from the original series will love, and they're peppered throu‚Ä¶",47,@CBS
0.0,Sun Aug 05 23:41:21 +0000 2018,0.0,1.0,0.0,"RT @MagnumPICBS: ""What we are trying to do is introduce the show to a new audience...it's going to open it up for anyone that's new and the‚Ä¶",48,@CBS
0.5994,Sun Aug 05 23:35:49 +0000 2018,0.0,0.843,0.157,"RT @MagnumPICBS: ""This has been my white whale since I was a kid. I always loved #MagnumPI. Putting words in Magnum's mouth is something I'‚Ä¶",49,@CBS
0.0,Sun Aug 05 23:35:46 +0000 2018,0.0,1.0,0.0,RT @MagnumPICBS: It's #MagnumPI time at the #CBS #TCA2018! Follow along as we live tweet the panel!,50,@CBS
0.5826,Sun Aug 05 23:16:25 +0000 2018,0.0,0.827,0.173,RT @happytogether: Thanks for following along! That concludes the #HappyTogether panel at the #CBS #TCA2018! @MagnumPICBS is up next!,51,@CBS
-0.5093,Sun Aug 05 23:12:39 +0000 2018,0.202,0.798,0.0,"RT @happytogether: Question: Even though you're not playing @Harry_Styles, did you do a Harry crash course?
@itsfelixwot: Absolutely not. C‚Ä¶",52,@CBS
0.0,Sun Aug 05 23:10:20 +0000 2018,0.0,1.0,0.0,"RT @happytogether: ""The show is about marriage, it's about getting a bit older, it's about youthfulness, it's about something happening and‚Ä¶",53,@CBS
0.6041,Sun Aug 05 23:05:58 +0000 2018,0.0,0.775,0.225,"RT @happytogether: ""It's always good to have a little bit of truth in whatever you're making.""- @wayansjr 

#HappyTogether #CBS #TCA2018",54,@CBS
0.3802,Sun Aug 05 23:01:25 +0000 2018,0.0,0.853,0.147,"RT @happytogether: ""I thought I was still young and cool until I met @itsfelixwot!"" -@AmberoniStevens #HappyTogether #CBS #TCA2018",55,@CBS
-0.2057,Sun Aug 05 22:58:41 +0000 2018,0.083,0.917,0.0,"RT @happytogether: ""We never wanted to create a show where people think ""Oh, did @Harry_Styles do that?"" -@benwinston on emphasizing that #‚Ä¶",56,@CBS
0.0,Sun Aug 05 22:58:36 +0000 2018,0.0,1.0,0.0,RT @happytogether: .@wayansjr is quick to point out that the characters in #HappyTogether are fictional. #CBS #TCA2018,57,@CBS
-0.0572,Sun Aug 05 22:53:12 +0000 2018,0.064,0.936,0.0,"RT @happytogether: ""@Harry_Styles became part of the family. We didn't want him to move out."" -@benwinston #CBS #HappyTogether #TCA18",58,@CBS
-0.3612,Sun Aug 05 22:52:24 +0000 2018,0.121,0.82,0.059,"RT @happytogether: ""It's about Cooper who wants nothing but normality and a boring life, and Jake and Claire, who want more excitement."" -@‚Ä¶",59,@CBS
0.4939,Sun Aug 05 22:49:06 +0000 2018,0.0,0.862,0.138,"RT @happytogether: ""It's loosely inspired (by the time @Harry_Styles lived with @benwinston), because if we put what actually happened on t‚Ä¶",60,@CBS
0.0,Sun Aug 05 22:46:49 +0000 2018,0.0,1.0,0.0,RT @happytogether: It's time for the #HappyTogether panel at the #CBS #TCA18! Follow along here!,61,@CBS
0.4926,Sun Aug 05 22:32:37 +0000 2018,0.0,0.825,0.175,RT @GodFriendedMe: Thanks for following along during the #GodFriendedMe panel at #CBS #TCA18‚Äî@HappyTogether is up next!,62,@CBS
0.2732,Sun Aug 05 22:32:30 +0000 2018,0.0,0.877,0.123,"RT @GodFriendedMe: ""You don't have to believe in God to believe in good."" üôå@JOEtheMORTON¬†#GodFriendedMe #CBS",63,@CBS
0.2716,Sun Aug 05 22:16:36 +0000 2018,0.0,0.905,0.095,RT @GodFriendedMe: ‚ÄúIt‚Äôs incredibly important to us that we‚Äôre not a show that‚Äôs preachy or judgmental. Whether you believe or don‚Äôt believ‚Ä¶,64,@CBS
-0.4973,Sun Aug 05 22:16:29 +0000 2018,0.133,0.867,0.0,"RT @GodFriendedMe: ""Our feet are on the ground. Our characters are not angels, they‚Äôre not heavenly, they‚Äôre just real people. The 'opposin‚Ä¶",65,@CBS
0.0,Sun Aug 05 22:16:19 +0000 2018,0.0,1.0,0.0,RT @GodFriendedMe: Follow along with us as we live-tweet the #GodFriendedMe panel at #CBS #TCA18 with stars @hall_m_brandon @violettbeane @‚Ä¶,66,@CBS
-0.4019,Sun Aug 05 22:05:44 +0000 2018,0.114,0.886,0.0,"RT @cbsallaccess: From the writer of Scream, The Vampire Diaries and The Following, comes a modern day twist on classic fairy tales. 

#Tel‚Ä¶",67,@CBS
-0.6908,Sun Aug 05 22:00:47 +0000 2018,0.207,0.793,0.0,"RT @cbsallaccess: Small town. Big murder. Follow the Money. 

#OneDollar premieres August 30, exclusively on CBS All Access. https://t.co/T‚Ä¶",68,@CBS
0.0,Sun Aug 05 21:48:41 +0000 2018,0.0,1.0,0.0,RT @cbsallaccess: That's a wrap on the #TellMeAStory panel! @GodFriendedMe is up next! #TCA18 #CBSAllAccess,69,@CBS
0.8555,Sun Aug 05 21:48:36 +0000 2018,0.0,0.714,0.286,"RT @cbsallaccess: ""What I love about New York City - besides being the best city in the world - it's textural, it's real, it has everything‚Ä¶",70,@CBS
0.5994,Sun Aug 05 21:48:29 +0000 2018,0.0,0.766,0.234,RT @cbsallaccess: Who's ready to see @KimCattrall play @daniellemcam's (AKA Little Red Riding Hood) grandmother? #TellMeAStory #TCA18 #CBSA‚Ä¶,71,@CBS
0.6124,Sun Aug 05 21:31:15 +0000 2018,0.0,0.792,0.208,"RT @cbsallaccess: ""What I like about this show is that there's nothing else on TV like it right now."" -@kevwilliamson #TellMeAStory #TCA18‚Ä¶",72,@CBS
-0.2748,Sun Aug 05 20:58:52 +0000 2018,0.153,0.742,0.105,"RT @MurphyBrownCBS: According to Candice Bergen and Diane English, there's never been a more perfect time to revive #MurphyBrown! https://t‚Ä¶",73,@CBS
0.0,Sun Aug 05 20:56:17 +0000 2018,0.0,1.0,0.0,"RT @MurphyBrownCBS: #MurphyBrown has always been a political show, and that won't change! Read on about how the show plans to cover hot top‚Ä¶",74,@CBS
-0.4588,Sun Aug 05 20:10:33 +0000 2018,0.125,0.875,0.0,"RT @FBICBS: ""People are going to get a very realistic view of how that office operates and the stresses. It's a zero-tolerance FBI office.‚Ä¶",75,@CBS
0.0,Sun Aug 05 19:43:38 +0000 2018,0.0,1.0,0.0,Stay tuned for more #CBS #TCA18 action! The @cbsallaccess panel is up next. üëçüèº https://t.co/fcjiEwpaN0,76,@CBS
0.0,Sun Aug 05 19:22:22 +0000 2018,0.0,1.0,0.0,"RT @FBICBS: #FBIFam, this should cure your #SundayScaries! Check out the #FBI preview that was shown at the #CBS #TCA18 before the panel. h‚Ä¶",77,@CBS
0.6249,Sun Aug 05 19:21:28 +0000 2018,0.0,0.796,0.204,"RT @TheNeighborhood: ""Once we shot the pilot, we knew that we had a great show."" -@CedEntertainer #TheNeighborhood #CBS",78,@CBS
0.1384,Sun Aug 05 19:16:45 +0000 2018,0.079,0.823,0.098,"RT @TheNeighborhood: ""It was so well done, as far as I was concerned, that it became a no brainer to do the show. I called the next morning‚Ä¶",79,@CBS
0.0,Sun Aug 05 19:15:53 +0000 2018,0.0,1.0,0.0,"RT @TheNeighborhood: ""This is a show about people. This is a show about families, neighbors, friendships... At its core, this is a show abo‚Ä¶",80,@CBS
0.4588,Sun Aug 05 18:54:24 +0000 2018,0.0,0.818,0.182,"RT @TheNeighborhood: We're here at the #CBS #TCA18 giving you the inside scoop on #TheNeighborhood with our stars @CedEntertainer, @Tichina‚Ä¶",81,@CBS
0.0,Sun Aug 05 18:01:09 +0000 2018,0.0,1.0,0.0,RT @MurphyBrownCBS: That's a wrap on the #MurphyBrown panel at #TCA18! @TheNeighborhood is up next! #CBS,82,@CBS
0.0,Sun Aug 05 17:55:07 +0000 2018,0.0,1.0,0.0,"RT @MurphyBrownCBS: Diane English reveals ""We have an enormously famous person in our first episode,"" but keeps the secret under wraps! üôä #‚Ä¶",83,@CBS
0.0,Sun Aug 05 17:51:13 +0000 2018,0.0,1.0,0.0,"RT @MurphyBrownCBS: Diane English talks about how to stay topically relevant while writing scripts ahead of time &amp; also said, ""We have an i‚Ä¶",84,@CBS
0.0,Sun Aug 05 17:47:01 +0000 2018,0.0,1.0,0.0,RT @MurphyBrownCBS: All the feels! ‚ù§Ô∏è #MurphyBrown returns to #CBS this fall! https://t.co/OvQk3CV49W,85,@CBS
-0.0018,Sun Aug 05 17:39:48 +0000 2018,0.074,0.853,0.073,"RT @MurphyBrownCBS: ""It's been very emotional for the old guys... We saw Murphy's townhouse and we all got tears in our eyes."" -Candice Ber‚Ä¶",86,@CBS
0.0,Sun Aug 05 17:28:37 +0000 2018,0.0,1.0,0.0,"Stay tuned, because @MurphyBrownCBS is up next at the #CBS #TCA18! https://t.co/0qdjQiFrwW",87,@CBS
-0.0602,Sun Aug 05 17:28:03 +0000 2018,0.219,0.599,0.182,"RT @FBICBS: ‚ÄúEven though I was scared to say yes, it was so clear you don‚Äôt say no. I knew I couldn‚Äôt say no. I couldn‚Äôt be more grateful,‚Ä¶",88,@CBS
0.1761,Sun Aug 05 17:27:46 +0000 2018,0.105,0.735,0.16,"RT @FBICBS: What's it like for @JeremySisto coming back to a Dick Wolf show?

""It's one of the most stable ships you can be on... It's exci‚Ä¶",89,@CBS
0.1027,Sun Aug 05 17:27:41 +0000 2018,0.11,0.767,0.123,"RT @FBICBS: ""We're celebrating the troops on the ground... There are endless stories in there."" - Dick Wolf on why he wanted to focus the s‚Ä¶",90,@CBS
0.0498,Sun Aug 05 17:27:31 +0000 2018,0.123,0.746,0.13,"RT @FBICBS: ‚ÄúIt‚Äôs really exciting to be here for the first time in a long, long, long, long time.‚Äù - Dick Wolf #CBS #TCA18",91,@CBS
0.6114,Sun Aug 05 14:47:12 +0000 2018,0.0,0.818,0.182,Celebrate #NationalSistersDay with an iconic group of sisters! Watch how these three became part of The Brady Bunch‚Ä¶ https://t.co/nBVjxl4AbP,92,@CBS
0.2263,Sat Aug 04 22:57:37 +0000 2018,0.0,0.917,0.083,RT @startrekcbs: Executive Producer Alex Kurtzman and @SirPatStew surprised fans today at #STLV with news that he will be returning to the‚Ä¶,93,@CBS
0.0,Sat Aug 04 00:24:55 +0000 2018,0.0,1.0,0.0,Watching a üíØ spin on @PriceIsRight never gets old‚Ä¶especially when it‚Äôs Mila Kunis! https://t.co/NPOukc3jPz,94,@CBS
0.6124,Fri Aug 03 22:34:08 +0000 2018,0.0,0.76,0.24,"RT @TrueCrimeCBS: The chances of successfully blowing the whistle are slim, but did a Wells Fargo personal banker beat the odds?

Find out‚Ä¶",95,@CBS
0.9098,Tue Jul 31 21:02:33 +0000 2018,0.0,0.531,0.469,Celebrate #NationalAvocadoDay with @letsmakeadeal. ü•ë Relive this #LMAD moment when an avocado wins one amazing deal! https://t.co/QS8GLajWU5,96,@CBS
0.34,Sat Jul 28 16:43:56 +0000 2018,0.0,0.876,0.124,"Housewives. PTA moms. School volunteers. Starting TONIGHT, hear the stories of seemingly innocent women who put it‚Ä¶ https://t.co/5TA15OiTuh",97,@CBS
0.5707,Wed Jul 25 17:25:36 +0000 2018,0.0,0.813,0.187,"This is one allowance that can‚Äôt be beat! Kids are winning big this week on @PriceIsRight. üéâ
 https://t.co/lncKu9XvNo",98,@CBS
0.0,Wed Jul 25 15:12:31 +0000 2018,0.0,1.0,0.0,"Renowned artists Cher, Philip Glass, Reba McEntire, Wayne Shorter, and the co-creators of #Hamilton will be recogni‚Ä¶ https://t.co/PEjjI9MKE1",99,@CBS
0.0,Sun Sep 16 18:02:10 +0000 2018,0.0,1.0,0.0,"A group of firefighters in Wilmington, North Carolina, knelt and prayed outside the home where a mother and her inf‚Ä¶ https://t.co/0KyrZJu7Dm",0,@CNN
-0.0516,Sun Sep 16 17:45:41 +0000 2018,0.117,0.777,0.107,Hong Kong's weather observatory issued its highest storm warning alert ‚Äî a signal T10 ‚Äî as Typhoon Mangkhut tore th‚Ä¶ https://t.co/n0d23yyfmB,1,@CNN
0.0,Sun Sep 16 17:33:04 +0000 2018,0.0,1.0,0.0,Michael Avenatti explains why he went on Tucker Carlson's show https://t.co/KS09pO7EzD https://t.co/EhVQBwIyBb,2,@CNN
0.0772,Sun Sep 16 17:20:02 +0000 2018,0.1,0.786,0.114,Cynthia Nixon's loss in a longshot bid for NY governor makes one trend increasingly clear: The pink wave isn't roll‚Ä¶ https://t.co/zQ4MLrfBoY,3,@CNN
0.0,Sun Sep 16 17:15:07 +0000 2018,0.0,1.0,0.0,US sanctions are China's big concern right now | By Samantha Vinograd via @CNNopinion  https://t.co/UaAETYQxyU https://t.co/RMHAiyscPZ,4,@CNN
0.0,Sun Sep 16 17:00:11 +0000 2018,0.0,1.0,0.0,"Uruguay became the first country to legalize pot in 2013, but the market remains tightly controlled, with only abou‚Ä¶ https://t.co/HmLQLFI7hg",5,@CNN
-0.5574,Sun Sep 16 17:00:08 +0000 2018,0.204,0.796,0.0,FEMA Administrator Brock Long says he has no plans to resign amid an investigation into his travel using government‚Ä¶ https://t.co/VNjTpla1Fa,6,@CNN
0.0,Sun Sep 16 16:45:04 +0000 2018,0.0,1.0,0.0,"House Intel Chairman Devin Nunes plans to release interviews from committee's Russia probe ""in the next few weeks""‚Ä¶ https://t.co/WvqaCfFmjK",7,@CNN
0.0,Sun Sep 16 16:17:24 +0000 2018,0.0,1.0,0.0,"Alexandria Ocasio-Cortez defends an estimated $40 trillion price tag for progressive policy programs, including Med‚Ä¶ https://t.co/JMvlYYm8sO",8,@CNN
-0.7003,Sun Sep 16 16:17:02 +0000 2018,0.312,0.588,0.099,"Yes, Trump can sink even lower than denying the death toll in Puerto Rico | By Dean Obeidallah via @CNNOpinion 
https://t.co/BrDOK5FJfB",9,@CNN
-0.6597,Sun Sep 16 16:14:04 +0000 2018,0.216,0.784,0.0,"Documentary filmmaker Michael Moore believes Trump is an ""evil genius"" who will be re-elected in 2020‚Ä¶ https://t.co/k9Zi1JGZs4",10,@CNN
0.0,Sun Sep 16 16:00:04 +0000 2018,0.0,1.0,0.0,"Blue bird from ""Rio"" movie now extinct in the wild https://t.co/VjtYxp8g5G https://t.co/udXlXO9U2k",11,@CNN
0.0,Sun Sep 16 15:45:00 +0000 2018,0.0,1.0,0.0,"Ken Starr, the former independent counsel during the investigation of President Clinton, says it would be ‚Äúunwise‚Äù‚Ä¶ https://t.co/7GDhfpfF5F",12,@CNN
0.6808,Sun Sep 16 15:30:07 +0000 2018,0.0,0.72,0.28,"Amazon CEO Jeff Bezos and his wife, MacKenzie, are creating a $2 billion fund to help homeless families and develop‚Ä¶ https://t.co/AId0BjzQPu",13,@CNN
0.1513,Sun Sep 16 15:15:08 +0000 2018,0.112,0.748,0.14,"Pluto is most definitely a planet, say some scientists who argue that it should never have been downgraded‚Ä¶ https://t.co/YkN7guLMpy",14,@CNN
-0.6908,Sun Sep 16 15:00:00 +0000 2018,0.217,0.783,0.0,"""Through my nightmare, I found my dream"": John Bunn was wrongfully convicted of murder as a teenager and exonerated‚Ä¶ https://t.co/teQMGToH4u",15,@CNN
-0.0516,Sun Sep 16 14:43:06 +0000 2018,0.159,0.688,0.152,13-year-old Delaney Unger opted for an unusual cancer treatment so she could continue her love of dance. Her left a‚Ä¶ https://t.co/UIehtbK1l1,16,@CNN
0.7625,Sun Sep 16 14:01:05 +0000 2018,0.0,0.733,0.267,Ken Starr on whether he thinks President Trump will face impeachment: ‚ÄúI hope not ‚Ä¶ impeachment is hell. The countr‚Ä¶ https://t.co/vU3X1bGof1,17,@CNN
0.4404,Sun Sep 16 14:01:00 +0000 2018,0.0,0.861,0.139,"This is the iPhone XR, Apple‚Äôs newly introduced ""lower-end"" smartphone. It starts at $749, has a bright LCD screen‚Ä¶ https://t.co/7dPaVC0B0V",18,@CNN
0.0,Sun Sep 16 13:51:30 +0000 2018,0.0,1.0,0.0,"Ken Starr, the former independent counsel during the investigation of President Bill Clinton, says it would be ‚Äúunw‚Ä¶ https://t.co/Hoil9vLhFh",19,@CNN
0.0,Sun Sep 16 13:40:37 +0000 2018,0.0,1.0,0.0,Democratic Sen. Doug Jones says he will bring up the sexual misconduct allegation against Brett Kavanaugh: ‚ÄúAt this‚Ä¶ https://t.co/Y6O3HFxmh0,20,@CNN
0.0,Sun Sep 16 13:28:43 +0000 2018,0.0,1.0,0.0,Ocasio-Cortez says that Hurricane Maria showed that there is a modern-day colonial relationship between the US and‚Ä¶ https://t.co/TboSYcV7gk,21,@CNN
0.4939,Sun Sep 16 13:14:54 +0000 2018,0.0,0.849,0.151,"""Medicare for all would save the American people a very large amount of money ... these are generational investment‚Ä¶ https://t.co/UMcHILI9E1",22,@CNN
-0.6124,Sun Sep 16 13:09:12 +0000 2018,0.227,0.773,0.0,"‚ÄúIn the neglect and government inaction there was so little response, so little connection,‚Äù says New York congress‚Ä¶ https://t.co/F6m5Jppeqj",23,@CNN
0.0,Sun Sep 16 13:01:00 +0000 2018,0.0,1.0,0.0,Scientists believe they have discovered three new species in the depths of the Pacific Ocean https://t.co/7NQ9yea6VV https://t.co/XJk8QRjGjI,24,@CNN
-0.0258,Sun Sep 16 12:01:00 +0000 2018,0.073,0.927,0.0,"The new Apple Watch touts a built-in, FDA-approved EKG sensor to test your heart https://t.co/sl4m4e5YDd https://t.co/HxqyFnUG1b",25,@CNN
0.0,Sun Sep 16 11:55:29 +0000 2018,0.0,1.0,0.0,"Before hitting Hong Kong, the storm plowed into the Philippines. 

The presidential spokesperson for Rodrigo Dutert‚Ä¶ https://t.co/jU5D5pDqYs",26,@CNN
0.0,Sun Sep 16 11:46:00 +0000 2018,0.0,1.0,0.0,Hong Kong has been battered by Typhoon Mangkhut https://t.co/NZcyUNkmHz https://t.co/zpod0JysMc,27,@CNN
0.0,Sun Sep 16 11:43:23 +0000 2018,0.0,1.0,0.0,RT @cnni: Hong Kong has been battered by Typhoon Mangkhut https://t.co/rP8Ka6FjEZ https://t.co/8srBiLqpc3,28,@CNN
0.5719,Sun Sep 16 11:28:04 +0000 2018,0.0,0.821,0.179,An Australian state is offering a reward for information after several people reported finding sewing needles or pi‚Ä¶ https://t.co/mi4t38I7Jh,29,@CNN
0.0,Sun Sep 16 11:01:00 +0000 2018,0.0,1.0,0.0,Watch a train run through Thailand's incredible Folding Umbrella Market https://t.co/ZDl8oIwxWP https://t.co/SNCXWFHBAT,30,@CNN
-0.6705,Sun Sep 16 10:56:12 +0000 2018,0.191,0.809,0.0,Five people were killed and several others were wounded in Mexico City after a group of men wearing traditional mar‚Ä¶ https://t.co/s9aAXspSNa,31,@CNN
-0.8957,Sun Sep 16 10:26:08 +0000 2018,0.375,0.625,0.0,"Typhoon Mangkhut wreaks havoc in Hong Kong and threatens mainland China, as 40 people are reported dead in the Phil‚Ä¶ https://t.co/i4ZQ6KV0ah",32,@CNN
0.0,Sun Sep 16 10:01:00 +0000 2018,0.0,1.0,0.0,MIT has developed a system that allows robots to manipulate specific objects that they're ‚Äúseeing‚Äù for the first ti‚Ä¶ https://t.co/POOyPqyUdB,33,@CNN
-0.8481,Sun Sep 16 09:45:57 +0000 2018,0.459,0.541,0.0,"Florence has weakened to a tropical depression, but authorities warn the danger is far from over https://t.co/VKqlyMetjS",34,@CNN
-0.1531,Sun Sep 16 09:44:05 +0000 2018,0.078,0.922,0.0,"More than 250,000 people have been affected by Typhoon Mangkhut across the Philippines, with around half of those s‚Ä¶ https://t.co/dSowYJteEe",35,@CNN
0.0,Sun Sep 16 09:24:00 +0000 2018,0.0,1.0,0.0,"Panes of glass fall from high-rise buildings in Guangzhou city, as Typhoon Mangkhut moves toward mainland China.‚Ä¶ https://t.co/v26bMsB36N",36,@CNN
0.0,Sun Sep 16 09:10:00 +0000 2018,0.0,1.0,0.0,Typhoon Mangkhut lashes Hong Kong in this timelapse video from the south of Hong Kong Island. The local storm signa‚Ä¶ https://t.co/SgvOB0j4uA,37,@CNN
-0.296,Sun Sep 16 09:01:00 +0000 2018,0.128,0.872,0.0,"For centuries, many in Africa have overcome financial exclusion through tontines, a peer-to-peer savings circle. No‚Ä¶ https://t.co/cUXiWIKgeY",38,@CNN
0.0,Sun Sep 16 08:01:00 +0000 2018,0.0,1.0,0.0,These Georgia firefighters went to a local gym for a 110-story stair climb in remembrance of 9/11. They began at 8:‚Ä¶ https://t.co/8cnbR16ewD,39,@CNN
-0.6597,Sun Sep 16 07:01:00 +0000 2018,0.267,0.63,0.104,John Bunn was wrongfully convicted of murder as a teenager and exonerated after 27 years of fighting for his freedo‚Ä¶ https://t.co/4fpsxSlrlf,40,@CNN
0.0,Sun Sep 16 06:54:13 +0000 2018,0.0,1.0,0.0,MIT has developed a system that allows robots to manipulate specific objects that they're ‚Äúseeing‚Äù for the first ti‚Ä¶ https://t.co/0qKluCo25z,41,@CNN
-0.4939,Sun Sep 16 06:49:17 +0000 2018,0.208,0.792,0.0,"Typhoon Mangkhut's fierce winds have torn off roofs and caused partial building collapses in Hong Kong.

Authoritie‚Ä¶ https://t.co/d1y3aYGsQK",42,@CNN
0.1027,Sun Sep 16 06:47:05 +0000 2018,0.155,0.672,0.172,IRS has granted tax extensions to Hurricane Florence victims. They'll have more time to file and pay certain taxes‚Ä¶ https://t.co/hU10in6gmg,43,@CNN
-0.6597,Sun Sep 16 06:35:03 +0000 2018,0.295,0.581,0.124,"The death and destruction wrought by Tropical Storm Florence has been punctuated with stories of bravery, generosit‚Ä¶ https://t.co/cHmdMvhVhn",44,@CNN
0.0,Sun Sep 16 06:24:07 +0000 2018,0.0,1.0,0.0,These are the staggering numbers behind Florence's wrath https://t.co/0D4TkiwDIf https://t.co/nUEVlqOw3n,45,@CNN
0.4215,Sun Sep 16 06:15:06 +0000 2018,0.0,0.781,0.219,"Paul Manafort might be helpful to the Russia investigation
https://t.co/79ZxeooN9H https://t.co/bE220TiK2P",46,@CNN
-0.3612,Sun Sep 16 06:05:04 +0000 2018,0.106,0.894,0.0,The mother of Botham Shem Jean says her son has become the target of a smear campaign since an off-duty Dallas poli‚Ä¶ https://t.co/xQjER5R5rR,47,@CNN
0.1513,Sun Sep 16 06:01:07 +0000 2018,0.112,0.748,0.14,"Pluto is most definitely a planet, say some scientists who argue that it should never have been downgraded‚Ä¶ https://t.co/tiZL5d685K",48,@CNN
-0.3818,Sun Sep 16 05:56:07 +0000 2018,0.126,0.874,0.0,Cell phone users may receive a text from President Donald Trump next Thursday as the Federal Emergency Management A‚Ä¶ https://t.co/6SkITswtcT,49,@CNN
-0.2183,Sun Sep 16 05:50:03 +0000 2018,0.111,0.889,0.0,"The deadly Tropical Storm Florence is so ferocious, it's uprooting everything, even tightly-bolted historic statues‚Ä¶ https://t.co/avGNzOwQVt",50,@CNN
-0.0516,Sun Sep 16 05:44:48 +0000 2018,0.15,0.708,0.142,This dramatic video shows rescuers preparing to save a man trapped in floodwaters in the Philippines. Typhoon Mangk‚Ä¶ https://t.co/MuqJRBQJRs,51,@CNN
-0.1779,Sun Sep 16 05:33:06 +0000 2018,0.155,0.773,0.072,"As a large-scale military campaign in Syria's last rebel stronghold looms, Syrians on both sides of the divide are‚Ä¶ https://t.co/i5kZrAohQg",52,@CNN
0.0,Sun Sep 16 05:24:05 +0000 2018,0.0,1.0,0.0,What's actually the difference between a typhoon and a hurricane? @CNNweather explains: https://t.co/FfNklKfoIQ https://t.co/eiyHqFhiZa,53,@CNN
0.0,Sun Sep 16 05:15:03 +0000 2018,0.0,1.0,0.0,"""My husband kept hearing people yelling for help."" He tried to go outside to find them, but even at 6-foot-2, the w‚Ä¶ https://t.co/o3b65s4URB",54,@CNN
0.0,Sun Sep 16 05:07:04 +0000 2018,0.0,1.0,0.0,Utility companies estimate that 1 million to 2.5 million customers could be without power before the end of Florenc‚Ä¶ https://t.co/W7B4Ol6tnd,55,@CNN
0.2263,Sun Sep 16 05:04:00 +0000 2018,0.099,0.762,0.139,This 9-year-old Australian girl refused to stand during the country's national anthem out of respect for the nation‚Ä¶ https://t.co/aIj5Q04Ib0,56,@CNN
0.0,Sun Sep 16 04:01:00 +0000 2018,0.0,1.0,0.0,"In 2019, the last of Volkswagen's famous ""Beetles"" will be rolled off the production line, 80 years after they firs‚Ä¶ https://t.co/Tf4Vpmxb37",57,@CNN
0.4019,Sun Sep 16 03:01:07 +0000 2018,0.0,0.803,0.197,Here's how to help people impacted by Florence | via @CNNImpact https://t.co/9PXqtHJyi9 https://t.co/BwJIQGnJuI,58,@CNN
0.296,Sun Sep 16 02:39:45 +0000 2018,0.0,0.885,0.115,Hong Kong has raised its storm alert to the highest level as deadly Typhoon Mangkhut approaches China https://t.co/pg9B0m3Jmp,59,@CNN
-0.7906,Sun Sep 16 02:30:11 +0000 2018,0.269,0.731,0.0,"Ariana Grande has broken her silence about the death of rapper Mac Miller, her former boyfriend and someone she cal‚Ä¶ https://t.co/FCdfr79yGw",60,@CNN
0.1513,Sun Sep 16 02:00:11 +0000 2018,0.112,0.748,0.14,"Pluto is most definitely a planet, say some scientists who argue that it should never have been downgraded‚Ä¶ https://t.co/UslklpzHX4",61,@CNN
-0.4215,Sun Sep 16 01:30:13 +0000 2018,0.157,0.843,0.0,"Despite guilty plea, Paul Manafort still holds the Trump card | By Paul Callan via @CNNOpinion‚Ä¶ https://t.co/JVxJtnqWjl",62,@CNN
-0.2263,Sun Sep 16 01:00:15 +0000 2018,0.095,0.905,0.0,One of China's most famous actresses has disappeared without a trace amid an uproar over tax evasion by celebrities https://t.co/TScCtaUS5y,63,@CNN
0.0,Sun Sep 16 00:30:34 +0000 2018,0.0,1.0,0.0,Meet the iPhone XS and the iPhone XS Max https://t.co/TSWSiknrY4 https://t.co/uXGlBjCDUA,64,@CNN
0.3612,Sun Sep 16 00:24:35 +0000 2018,0.0,0.898,0.102,"""This is a roof that flew off of another business about 60 yards away or so... It is like a conveyer belt of water‚Ä¶ https://t.co/RoYuCkrAdZ",65,@CNN
0.0,Sun Sep 16 00:16:38 +0000 2018,0.0,1.0,0.0,"""It's a third night of steady downpour... More than 30 people had to be rescued,"" @edlavaCNN reports from Jacksonvi‚Ä¶ https://t.co/B9oQ9KsaW1",66,@CNN
0.0,Sun Sep 16 00:05:44 +0000 2018,0.0,1.0,0.0,Scientists believe they have discovered three new species in the depths of the Pacific Ocean https://t.co/GcAQVaHyZs https://t.co/djX13xbCdB,67,@CNN
0.0,Sat Sep 15 23:44:16 +0000 2018,0.0,1.0,0.0,MIT has developed a system that allows robots to manipulate specific objects that they're ‚Äúseeing‚Äù for the first ti‚Ä¶ https://t.co/92P4Y9aiIE,68,@CNN
-0.3612,Sat Sep 15 23:18:02 +0000 2018,0.106,0.894,0.0,The mother of Botham Shem Jean says her son has become the target of a smear campaign since an off-duty Dallas poli‚Ä¶ https://t.co/2VQRISlApA,69,@CNN
-0.6486,Sat Sep 15 23:01:07 +0000 2018,0.185,0.815,0.0,Tropical Storm Florence left multiple people dead and is pummeling the Carolinas with heavy rain and storm surges p‚Ä¶ https://t.co/OEGdGQPuR5,70,@CNN
0.0,Sat Sep 15 22:27:48 +0000 2018,0.0,1.0,0.0,"""A lot of people have had to be pulled out of here,"" says CNN's Brian Todd, standing in a flooded apartment complex‚Ä¶ https://t.co/Ry3PewKSsn",71,@CNN
-0.4939,Sat Sep 15 21:55:43 +0000 2018,0.157,0.787,0.056,"Tropical Storm Florence's relentless rain is flooding parts of the Carolinas, and officials say the danger of extre‚Ä¶ https://t.co/eGqCPalaao",72,@CNN
0.1027,Sat Sep 15 21:50:32 +0000 2018,0.155,0.672,0.172,IRS has granted tax extensions to Hurricane Florence victims. They'll have more time to file and pay certain taxes‚Ä¶ https://t.co/tvYBSWl5oD,73,@CNN
-0.6705,Sat Sep 15 21:29:57 +0000 2018,0.176,0.824,0.0,JUST IN: A US Border Patrol agent was taken into custody in Texas in connection with the killings of four people an‚Ä¶ https://t.co/mFvvys259o,74,@CNN
0.0,Sat Sep 15 21:24:17 +0000 2018,0.0,1.0,0.0,"In 2019, the last of Volkswagen's famous ""Beetles"" will be rolled off the production line, 80 years after they firs‚Ä¶ https://t.co/8dml5bmQip",75,@CNN
0.0,Sat Sep 15 21:00:04 +0000 2018,0.0,1.0,0.0,Former Vice President Joe Biden will headline a major LGBTQ dinner tonight as he considers a 2020 run‚Ä¶ https://t.co/Zk89jqt7Op,76,@CNN
-0.3818,Sat Sep 15 20:41:02 +0000 2018,0.126,0.874,0.0,Cell phone users may receive a text from President Donald Trump next Thursday as the Federal Emergency Management A‚Ä¶ https://t.co/uausfzlfUd,77,@CNN
0.0,Sat Sep 15 20:23:03 +0000 2018,0.0,1.0,0.0,"Why on Earth would a company offer insurance for space travel?
https://t.co/Oo6LqTPSdE https://t.co/6thcLwTcok",78,@CNN
-0.3818,Sat Sep 15 20:01:24 +0000 2018,0.12,0.88,0.0,The boxer Floyd Mayweather said a rematch of his famed 2015 fight with Manny Pacquiao will take place this year‚Ä¶ https://t.co/R0c0FhR83O,79,@CNN
-0.6597,Sat Sep 15 19:30:10 +0000 2018,0.295,0.581,0.124,"The death and destruction wrought by Tropical Storm Florence has been punctuated with stories of bravery, generosit‚Ä¶ https://t.co/j0MGbRqecg",80,@CNN
0.0,Sat Sep 15 19:14:04 +0000 2018,0.0,1.0,0.0,These are the staggering numbers behind Florence's wrath https://t.co/mVw5p8rd6D https://t.co/ChDmtgzWAh,81,@CNN
0.4215,Sat Sep 15 19:02:06 +0000 2018,0.0,0.781,0.219,"Paul Manafort might be helpful to the Russia investigation
https://t.co/PVLywLk95n https://t.co/9QTIEejs9Q",82,@CNN
-0.3612,Sat Sep 15 18:49:13 +0000 2018,0.106,0.894,0.0,The mother of Botham Shem Jean says her son has become the target of a smear campaign since an off-duty Dallas poli‚Ä¶ https://t.co/RiHEFjfvQS,83,@CNN
0.0,Sat Sep 15 18:31:43 +0000 2018,0.0,1.0,0.0,"""A lot of people have had to be pulled out of here,"" says CNN's Brian Todd, standing in a flooded apartment complex‚Ä¶ https://t.co/YZOotkOhZX",84,@CNN
-0.1027,Sat Sep 15 18:20:12 +0000 2018,0.08,0.92,0.0,"Typhoon Mangkhut slammed into the northern Philippines, bringing ferocious gale-force winds up to 200 mph, destroyi‚Ä¶ https://t.co/u7Jn5V0CYq",85,@CNN
0.0,Sat Sep 15 18:07:17 +0000 2018,0.0,1.0,0.0,MIT has developed a system that allows robots to manipulate specific objects that they're ‚Äúseeing‚Äù for the first ti‚Ä¶ https://t.co/KTEy9ks4lo,86,@CNN
0.0,Sat Sep 15 17:55:07 +0000 2018,0.0,1.0,0.0,"The blue bird from the ""Rio"" movie is now extinct in the wild https://t.co/Vxv6zi6gGh https://t.co/cD9nxnmE5Q",87,@CNN
0.0,Sat Sep 15 17:40:26 +0000 2018,0.0,1.0,0.0,Watch a train run through Thailand's incredible Folding Umbrella Market https://t.co/wRdl4qhDXR https://t.co/lVGt5BhLen,88,@CNN
-0.1779,Sat Sep 15 17:26:04 +0000 2018,0.155,0.773,0.072,"As a large-scale military campaign in Syria's last rebel stronghold looms, Syrians on both sides of the divide are‚Ä¶ https://t.co/zxCVceb6sP",89,@CNN
0.0,Sat Sep 15 17:13:19 +0000 2018,0.0,1.0,0.0,Scientists believe they have discovered three new species in the depths of the Pacific Ocean https://t.co/K7qnycyMtJ https://t.co/TUq4l4QEJS,90,@CNN
-0.4588,Sat Sep 15 16:54:24 +0000 2018,0.136,0.864,0.0,"A news station in New Bern, North Carolina, was forced to evacuate while on air due to flooding from Florence‚Ä¶ https://t.co/NYJoajranC",91,@CNN
0.0,Sat Sep 15 16:41:03 +0000 2018,0.0,1.0,0.0,"Why on Earth would a company offer insurance for space travel?
https://t.co/qI1G8pdlvL https://t.co/HtfIlK1bTv",92,@CNN
-0.3818,Sat Sep 15 16:28:03 +0000 2018,0.12,0.88,0.0,The boxer Floyd Mayweather said a rematch of his famed 2015 fight with Manny Pacquiao will take place this year‚Ä¶ https://t.co/OXmhr44vyN,93,@CNN
0.0772,Sat Sep 15 16:19:51 +0000 2018,0.0,0.933,0.067,"We're live in Rocky Point, North Carolina. The County is under a mandatory evacuation order because of Tropical Sto‚Ä¶ https://t.co/A04ng1EggE",94,@CNN
0.0,Sat Sep 15 16:14:18 +0000 2018,0.0,1.0,0.0,Meet the iPhone XS and the iPhone XS Max https://t.co/hNE0iyuUGc https://t.co/2WCv33vUGc,95,@CNN
-0.3818,Sat Sep 15 16:02:06 +0000 2018,0.126,0.874,0.0,Cell phone users may receive a text from President Donald Trump next Thursday as the Federal Emergency Management A‚Ä¶ https://t.co/T1bpZi55bz,96,@CNN
0.0,Sat Sep 15 15:52:07 +0000 2018,0.0,1.0,0.0,What's the difference between a typhoon and a hurricane? @chadmyerscnn explains: it's all about location‚Ä¶ https://t.co/wRbhGhqx3w,97,@CNN
0.4019,Sat Sep 15 15:41:06 +0000 2018,0.0,0.816,0.184,Here's how to help people impacted by Hurricane Florence | via @CNNImpact https://t.co/a6BauTMzYe https://t.co/FDXI2rY4mt,98,@CNN
0.0,Sat Sep 15 15:30:07 +0000 2018,0.0,1.0,0.0,Former Vice President Joe Biden will headline a major LGBTQ dinner tonight as he considers a 2020 run‚Ä¶ https://t.co/ABrHtuptht,99,@CNN
0.0,Sun Sep 16 18:00:01 +0000 2018,0.0,1.0,0.0,"FEMA director says there's 'difference between direct deaths and indirect deaths' in Puerto Rico, following Trump r‚Ä¶ https://t.co/ofQjWJVv0c",0,@FoxNews
0.4215,Sun Sep 16 17:53:25 +0000 2018,0.0,0.843,0.157,.@NC_Governor: ‚ÄúMore than 900 lives have been saved by first responders rescuing survivors from floodwaters.‚Äù‚Ä¶ https://t.co/i31cwADtz2,1,@FoxNews
0.0258,Sun Sep 16 17:49:54 +0000 2018,0.0,0.932,0.068,.@NC_Governor: ‚ÄúWe are working now and doing everything we can to prevent more deaths.‚Äù https://t.co/6s0pmLfqVU https://t.co/4Xl8daPbof,2,@FoxNews
-0.34,Sun Sep 16 17:48:25 +0000 2018,0.139,0.783,0.078,.@NC_Governor Roy Cooper: ‚ÄúWe were able to get into the air and see significant damage in eastern North Carolina.‚Äù‚Ä¶ https://t.co/7F8EV8VYaa,3,@FoxNews
0.5719,Sun Sep 16 17:46:32 +0000 2018,0.0,0.844,0.156,"RT @EricShawnTV: Who wins: #Trump vs. #Biden? The former @VP is taking on @POTUS @realDonaldTrump, branding him a ""bully."" Is #JoeBiden run‚Ä¶",4,@FoxNews
-0.4404,Sun Sep 16 17:45:00 +0000 2018,0.195,0.805,0.0,"Florence is going to be 'a long, frustrating recovery,' FEMA director says https://t.co/Y513FW08a1",5,@FoxNews
-0.4404,Sun Sep 16 17:37:15 +0000 2018,0.195,0.805,0.0,"Kavanaugh confirmation process has been 'an intergalactic freak show,' Sen. Kennedy says https://t.co/lELpYzphOn",6,@FoxNews
-0.5267,Sun Sep 16 17:35:00 +0000 2018,0.306,0.694,0.0,Women who dressed as nuns during bank robbery sentenced to prison https://t.co/6OGGXpoSHU,7,@FoxNews
0.0,Sun Sep 16 17:25:00 +0000 2018,0.0,1.0,0.0,Sen. John N. Kennedy: Kavanaugh Hearings Devolved Into 'Intergalactic Freakshow' https://t.co/3RUFEvcMTM,8,@FoxNews
0.0,Sun Sep 16 17:19:03 +0000 2018,0.0,1.0,0.0,"Schiff: 'Bob Mueller Is the One Draining the Swamp', Trump 'Terrified' of Manafort https://t.co/FXqxZfOSN1",9,@FoxNews
-0.8658,Sun Sep 16 17:15:00 +0000 2018,0.469,0.531,0.0,"Teen accused of killing classmate was ‚Äòsmiling and laughing‚Äô during attack, reports say https://t.co/oJVXiPtJio",10,@FoxNews
-0.4215,Sun Sep 16 17:07:39 +0000 2018,0.149,0.851,0.0,"A downed tree uprooted by Hurricane Florence lies next to homes in New Bern, North Carolina. https://t.co/6s0pmLfqVU https://t.co/FWbY0KqiiV",11,@FoxNews
0.5859,Sun Sep 16 17:00:00 +0000 2018,0.0,0.678,0.322,OPINION: Kimberley Strassel: How Republicans could still win https://t.co/K9r7kWxzC2,12,@FoxNews
-0.5719,Sun Sep 16 16:49:07 +0000 2018,0.236,0.764,0.0,Ryanair passenger catches baggage handler on camera opening suitcase and stealing speaker https://t.co/OyVey8ehiA,13,@FoxNews
0.0,Sun Sep 16 16:39:15 +0000 2018,0.0,1.0,0.0,"Roger Hedgepeth and his dog Bodie are helped by members of the U.S. Coast Guard in Lumberton, North Carolina, follo‚Ä¶ https://t.co/l05LfYQkal",14,@FoxNews
0.0,Sun Sep 16 16:30:00 +0000 2018,0.0,1.0,0.0,.@GovMikeHuckabee: Kerry Talking to Iranians 'Makes the Case' for First-Ever Logan Act Conviction https://t.co/yBjxvCp2h7,15,@FoxNews
0.0,Sun Sep 16 16:15:00 +0000 2018,0.0,1.0,0.0,Serena Williams insists she did not receive coaching in interview addressing US Open final https://t.co/a0YxPmkmbZ,16,@FoxNews
0.4939,Sun Sep 16 16:10:00 +0000 2018,0.0,0.833,0.167,"Ocasio-Cortez: 'Medicare for all' would save 'very large amount of money,' despite studies showing $30T cost https://t.co/6grsF8sJZL",17,@FoxNews
0.0,Sun Sep 16 16:05:15 +0000 2018,0.0,1.0,0.0,North Carolina Governor Roy Cooper holds a briefing on Florence.  https://t.co/sxtiPrw4lX,18,@FoxNews
0.0,Sun Sep 16 16:05:00 +0000 2018,0.0,1.0,0.0,.@adrienneelrod: ‚ÄúWe should be delaying this nomination until we get more information that comes out.‚Äù #MediaBuzz‚Ä¶ https://t.co/JMlGoec2uL,19,@FoxNews
0.3818,Sun Sep 16 16:00:00 +0000 2018,0.146,0.625,0.229,".@RepRatcliffe: ‚ÄúI think under really difficult circumstances, FEMA has done a really great job.‚Äù‚Ä¶ https://t.co/nKojccELPS",20,@FoxNews
0.296,Sun Sep 16 15:45:00 +0000 2018,0.0,0.694,0.306,.@Franklin_Graham shares message after Florence https://t.co/vyvMTBaCh7,21,@FoxNews
0.0,Sun Sep 16 15:35:00 +0000 2018,0.0,1.0,0.0,.@DevinNunes: ‚ÄúI think full transparency is in order here.‚Äù #SundayFutures @MariaBartiromo https://t.co/RmjFNRysWN,22,@FoxNews
0.5859,Sun Sep 16 15:30:00 +0000 2018,0.0,0.774,0.226,".@DevinNunes: ‚ÄúWell, I think ultimately we‚Äôre going to win this trade war.‚Äù #SundayFutures @MariaBartiromo‚Ä¶ https://t.co/xpAKTSyrdk",23,@FoxNews
-0.0258,Sun Sep 16 15:15:01 +0000 2018,0.144,0.718,0.138,"Former Trump campaign chairman Paul Manafort pleads guilty, will cooperate with Special Counsel Robert Mueller‚Ä¶ https://t.co/4POqNuPVOb",24,@FoxNews
0.0,Sun Sep 16 15:02:28 +0000 2018,0.0,1.0,0.0,.@JoeLieberman on John Kerry‚Äôs talks with Iran https://t.co/wYFbX5KtQM #SundayFutures @MariaBartiromo https://t.co/sVslkyHOCP,25,@FoxNews
-0.7783,Sun Sep 16 15:00:00 +0000 2018,0.459,0.541,0.0,Gunmen disguised as mariachi musicians kill 5 in Mexico City https://t.co/RjkbQEpSUZ,26,@FoxNews
0.2732,Sun Sep 16 14:42:38 +0000 2018,0.135,0.657,0.208,"Members of Nebraska Task Force 1 urban search and rescue team help Korean war veteran Roman Wiggs, 87, out of his w‚Ä¶ https://t.co/syQmuKcXW9",27,@FoxNews
-0.8442,Sun Sep 16 14:34:24 +0000 2018,0.403,0.597,0.0,Florence downgrades to tropical depression after killing at least 12 people https://t.co/6s0pmLfqVU #SundayFutures‚Ä¶ https://t.co/Cm2YZmjLtk,28,@FoxNews
0.4019,Sun Sep 16 14:30:00 +0000 2018,0.0,0.847,0.153,"TONIGHT: Fox News Channel presents a special ‚ÄúTown Hall America with @HARRISFAULKNER,‚Äù focusing on hot-button issue‚Ä¶ https://t.co/meWZJLUgdi",29,@FoxNews
0.4019,Sun Sep 16 14:15:00 +0000 2018,0.0,0.838,0.162,.@GovMikeHuckabee: ‚ÄúI think Mike Pompeo was smart to call him out on it.‚Äù https://t.co/wYFbX5KtQM https://t.co/rL9g4AYfvN,30,@FoxNews
0.0,Sun Sep 16 14:10:08 +0000 2018,0.0,1.0,0.0,.@edhenry is live with the ‚ÄòFox News Update‚Äô on Facebook Watch: https://t.co/hNrB8xzepH https://t.co/cOwWrrtGVp,31,@FoxNews
0.0,Sun Sep 16 14:09:38 +0000 2018,0.0,1.0,0.0,"RT @FoxNewsResearch: ùêî.ùêí. ùêíùê©ùêûùêúùê¢ùêöùê• ùêéùê©ùêûùê´ùêöùê≠ùê¢ùê®ùêßùê¨
-budget &amp; spending
‚Ä¢1988: $2.1 billion
‚Ä¢1993: $2.9 billion
‚Ä¢1998: $3.5 billion
‚Ä¢2003: $6.7 bil‚Ä¶",32,@FoxNews
0.0,Sun Sep 16 13:57:12 +0000 2018,0.0,1.0,0.0,RT @FoxNewsSunday: .@SenThomTillis says people need to ‚Äúheed the warnings‚Äù #FlorenceHurricane2018 https://t.co/tAr0wr4mtq,33,@FoxNews
0.5367,Sun Sep 16 13:53:47 +0000 2018,0.0,0.822,0.178,"RT @FoxNewsSunday: On #KavanaughConfirmation @SenJohnKennedy tells Chris: 
""So far it‚Äôs pretty much been an intergalactic freakshow‚Äù https:‚Ä¶",34,@FoxNews
-0.765,Sun Sep 16 13:50:00 +0000 2018,0.375,0.625,0.0,40 people feared trapped in Philippines as Typhoon Mangkhut pummels southern China https://t.co/pW7jJyjzNo,35,@FoxNews
0.0,Sun Sep 16 13:41:34 +0000 2018,0.0,1.0,0.0,RT @FoxNewsSunday: .@SenJohnKennedy on #KavanaughConfirmationHearings : ‚ÄúLet‚Äôs go vote.‚Äù,36,@FoxNews
0.0,Sun Sep 16 13:41:19 +0000 2018,0.0,1.0,0.0,RT @FoxNewsSunday: .@SenJohnKennedy tells Chris he thinks every Republican will vote for #Kavanaugh and at least two Democrats. #KavanaughC‚Ä¶,37,@FoxNews
-0.2023,Sun Sep 16 13:41:07 +0000 2018,0.098,0.841,0.061,"RT @FoxNewsSunday: Asked if he disputes the number of 3,000 hurricane related deaths in Puerto Rico, @Fema Administrator @FEMA_Brock tells‚Ä¶",38,@FoxNews
0.4767,Sun Sep 16 13:40:47 +0000 2018,0.0,0.846,0.154,RT @FoxNewsSunday: On Government response to #FlorenceHurricane2018 @SenThomTillis tells Chris: I‚Äôm proud of what they‚Äôve done‚Ä¶I think Nort‚Ä¶,39,@FoxNews
0.0,Sun Sep 16 13:40:30 +0000 2018,0.0,1.0,0.0,RT @FoxNewsSunday: On looting in North Carolina during #FlorenceHurricane2018 @SenThomTillis tells Chris: We‚Äôve had one report in Wilmingto‚Ä¶,40,@FoxNews
0.0,Sun Sep 16 13:35:00 +0000 2018,0.0,1.0,0.0,Ed Davis on Boston-area gas explosions https://t.co/8uMHjMmxA8 https://t.co/0kPX5s4LMB,41,@FoxNews
-0.2732,Sun Sep 16 13:24:00 +0000 2018,0.16,0.84,0.0,"Florence aftermath: 'Catastrophic, life-threatening' flooding risk as storm shatters rainfall records https://t.co/2MuhGXgcLy",42,@FoxNews
-0.4939,Sun Sep 16 13:11:00 +0000 2018,0.172,0.742,0.086,".@RepPeteKing: ‚ÄúShe did everything she possibly could to alert the state and the nation to MS-13, how evil it is.""‚Ä¶ https://t.co/DBRNd3NaX4",43,@FoxNews
0.0,Sun Sep 16 13:06:43 +0000 2018,0.0,1.0,0.0,RT @FoxNewsSunday: .@Fema Administrator @FEMA_Brock tells Chris: We‚Äôve still got several days to go‚Ä¶we‚Äôre also anticipating a lot of damage‚Ä¶,44,@FoxNews
0.0,Sun Sep 16 13:03:00 +0000 2018,0.0,1.0,0.0,Ted Williams: ‚ÄúWhat we need are leaders in our communities to go about the community revering and uplifting police‚Ä¶ https://t.co/4uEwYvNjOk,45,@FoxNews
0.2023,Sun Sep 16 12:45:00 +0000 2018,0.087,0.795,0.117,Ted Williams: ‚ÄúThere is a lack of respect for these men and women who serve us on a daily basis and try to protect‚Ä¶ https://t.co/w1X3fcBMi7,46,@FoxNews
-0.8779,Sun Sep 16 12:39:45 +0000 2018,0.283,0.717,0.0,"RT @EricShawnTV: Why is #JohnKerry meeting with Iran? He says it's on the up and up. Iran: #1 state sponsor of terrorism, killed U.S. troop‚Ä¶",47,@FoxNews
-0.7269,Sun Sep 16 12:30:00 +0000 2018,0.337,0.663,0.0,Police arrest 5 in North Carolina as looters begin to capitalize on Florence chaos https://t.co/PFj9tqZGmV,48,@FoxNews
0.0,Sun Sep 16 12:10:00 +0000 2018,0.0,1.0,0.0,.@RochelleRitchie on 65 women defending Kavanaugh amid allegations https://t.co/NwhoK5Ib1d https://t.co/uzrCqzQRvi,49,@FoxNews
0.0,Sun Sep 16 12:00:00 +0000 2018,0.0,1.0,0.0,Carrie Severino on 65 women defending Kavanaugh amid allegations https://t.co/NwhoK5Ib1d https://t.co/94AheKLUnC,50,@FoxNews
-0.9001,Sun Sep 16 11:50:00 +0000 2018,0.632,0.368,0.0,"Florence weakens to tropical depression, but flooding threat remains severe https://t.co/SApRLcUOTb",51,@FoxNews
0.0191,Sun Sep 16 11:43:00 +0000 2018,0.077,0.842,0.081,TODAY: Don't miss an exclusive interview with @SenJohnKennedy on @FoxNewsSunday. Check your local listings and tune‚Ä¶ https://t.co/U7AeAY4j47,52,@FoxNews
0.2732,Sun Sep 16 11:36:34 +0000 2018,0.14,0.645,0.215,"Members of the Nebraska Task Force 1 urban search and rescue team help Korean war veteran Roman Wiggs, 87, to a bus‚Ä¶ https://t.co/LpB8HeoWg3",53,@FoxNews
0.0,Sun Sep 16 11:25:00 +0000 2018,0.0,1.0,0.0,Local pizza shop stays open to feed people https://t.co/6s0pmLfqVU https://t.co/97LfA5df4d,54,@FoxNews
0.0,Sun Sep 16 11:15:00 +0000 2018,0.0,1.0,0.0,"Teen fires arrow at cougar, saving life of her 6-year-old brother https://t.co/JK3JdXNIql",55,@FoxNews
0.0,Sun Sep 16 11:02:00 +0000 2018,0.0,1.0,0.0,.@rickreichmuth gives an update on Florence https://t.co/6s0pmKXPxk https://t.co/3WA3Gg1SOJ,56,@FoxNews
0.4019,Sun Sep 16 10:55:00 +0000 2018,0.0,0.828,0.172,Lisa Page testimony: Collusion still unproven by time of Mueller's special counsel appointment https://t.co/ZqW2wNiNvT,57,@FoxNews
0.4019,Sun Sep 16 10:34:57 +0000 2018,0.0,0.816,0.184,Michigan high school seniors sport costumes for hilarious ID photos (via @JaninePuhak) https://t.co/ZCcP2QcSfp,58,@FoxNews
0.0,Sun Sep 16 10:00:00 +0000 2018,0.0,1.0,0.0,"Boy brings cocaine-filled balloons to school, sending 13 kids to hospital, authorities say https://t.co/OIuNRp5Yn6",59,@FoxNews
0.0,Sun Sep 16 09:50:00 +0000 2018,0.0,1.0,0.0,"NFL's Green Bay Packers need to revamp ticket policy for infants, new mom says https://t.co/jIj4r1EG50",60,@FoxNews
-0.3818,Sun Sep 16 09:40:00 +0000 2018,0.14,0.86,0.0,"On Saturday, President @realDonaldTrump and @VP Mike Pence received an emergency preparedness update on the impact‚Ä¶ https://t.co/vVOUvC2ytS",61,@FoxNews
0.0,Sun Sep 16 09:30:00 +0000 2018,0.0,1.0,0.0,Flash floods barreled through Imelda village in Baguio City in the Philippines as a result of Typhoon Mangkhut on S‚Ä¶ https://t.co/zoqTxukx3t,62,@FoxNews
0.296,Sun Sep 16 09:20:00 +0000 2018,0.0,0.864,0.136,"Test messages for federal alert systems to be sent to cellphones Thursday, FEMA says https://t.co/tGgPEzw46e",63,@FoxNews
-0.2732,Sun Sep 16 09:10:00 +0000 2018,0.174,0.826,0.0,"Lawyer with Obama, Clinton ties may face federal charges: report https://t.co/eRD3FwpDKM",64,@FoxNews
-0.5719,Sun Sep 16 09:06:56 +0000 2018,0.346,0.654,0.0,Florence's path: Track the tropical depression here https://t.co/w7u1Z3c3ZA,65,@FoxNews
-0.0516,Sun Sep 16 09:00:00 +0000 2018,0.133,0.745,0.122,".@SecPompeo blasted his Obama-era predecessor @JohnKerry on Friday for ""actively undermining"" U.S. policy on Iran‚Ä¶ https://t.co/70vFifMs70",66,@FoxNews
0.0258,Sun Sep 16 08:50:00 +0000 2018,0.115,0.766,0.119,"A man and his kitten ""Survivor"" are rescued from floodwaters after Florence dumped several inches of rain in the ar‚Ä¶ https://t.co/e1wEmeDtFA",67,@FoxNews
0.8481,Sun Sep 16 08:40:00 +0000 2018,0.0,0.62,0.38,"Maggie, a brave 14-year-old Maltese, boldly faced the strong winds of Florence from her balcony, which overlooks th‚Ä¶ https://t.co/bOfx9SItls",68,@FoxNews
0.0,Sun Sep 16 08:30:00 +0000 2018,0.0,1.0,0.0,"An alligator in Myrtle Beach, South Carolina, strolled across the street while Florence made landfall on Friday.‚Ä¶ https://t.co/jYQ8KOovEg",69,@FoxNews
0.0,Sun Sep 16 08:20:00 +0000 2018,0.0,1.0,0.0,"DiGenova on New Strzok-Page Texts: 'Walls Are Closing In' on DOJ, FBI Officials https://t.co/Ej7IosRghV",70,@FoxNews
0.0,Sun Sep 16 08:10:00 +0000 2018,0.0,1.0,0.0,"Former Secretary of State John Kerry ripped President Donald Trump during an interview Friday night with ""Real Time‚Ä¶ https://t.co/EGUf6XWuxz",71,@FoxNews
-0.5267,Sun Sep 16 08:00:00 +0000 2018,0.306,0.694,0.0,".@jonvoight: ""There are no statesmen, no statesmen, in the Democratic world."" https://t.co/riQd5NU1hI",72,@FoxNews
0.0,Sun Sep 16 07:50:00 +0000 2018,0.0,1.0,0.0,"Many displaced by Boston-area gas explosions may return home Sunday, governor says https://t.co/8uMHjM4Wby",73,@FoxNews
0.0,Sun Sep 16 07:40:00 +0000 2018,0.0,1.0,0.0,Dalai Lama says 'Europe belongs to Europeans' and refugees should ultimately go back home https://t.co/IazIklcSWL,74,@FoxNews
0.5994,Sun Sep 16 07:30:00 +0000 2018,0.0,0.642,0.358,".@jonvoight: ""Patriotism brings you many beautiful friends."" https://t.co/d409PG46jN",75,@FoxNews
-0.8271,Sun Sep 16 07:20:00 +0000 2018,0.339,0.661,0.0,The devastating floods from Tropical Storm Florence are bringing a new danger to the Carolinas ‚Äî displaced snakes.‚Ä¶ https://t.co/YvgyXZOfwr,76,@FoxNews
0.0,Sun Sep 16 07:10:00 +0000 2018,0.0,1.0,0.0,"On @foxandfriends, @dbongino slammed John Kerry for having multiple meetings with Iranian officials behind the back‚Ä¶ https://t.co/IDLFLgoWM0",77,@FoxNews
0.1779,Sun Sep 16 07:00:00 +0000 2018,0.084,0.803,0.112,".@jonvoight: ""I know that we have to keep focus and keep battling for what is true. And things will change, because‚Ä¶ https://t.co/xAPUOBBtqI",78,@FoxNews
0.0,Sun Sep 16 06:50:26 +0000 2018,0.0,1.0,0.0,"‚ÄúThis is absolutely AMAZING!‚Äù Donations from around the country poured in for an animal shelter in Greenville, Sout‚Ä¶ https://t.co/xt3J9eVxLH",79,@FoxNews
0.2263,Sun Sep 16 06:40:40 +0000 2018,0.094,0.776,0.131,"Survivors and their health care providers took part in a reunion event for the victims of the October 1, 2017 mass‚Ä¶ https://t.co/t7NmF6bGee",80,@FoxNews
0.8934,Sun Sep 16 06:30:00 +0000 2018,0.0,0.599,0.401,".@jonvoight: ""There's wonderful things happening every day thanks in great part to this president that we have, who‚Ä¶ https://t.co/v0Hu1webqw",81,@FoxNews
-0.6705,Sun Sep 16 06:20:00 +0000 2018,0.209,0.791,0.0,Firefighters knelt and prayed outside of a North Carolina home where a mother and child were killed during Florence‚Ä¶ https://t.co/bLgtRsRlXg,82,@FoxNews
0.8625,Sun Sep 16 06:10:00 +0000 2018,0.0,0.575,0.425,"On ""Life, Liberty &amp; Levin,"" @jonvoight credited President @realDonaldTrump for ""wonderful things happening every da‚Ä¶ https://t.co/Zud29kmRI2",83,@FoxNews
0.6808,Sun Sep 16 06:00:00 +0000 2018,0.0,0.763,0.237,Officers from the Myrtle Beach Police Department were able to gather and safely secure a flock of escaped ducks tha‚Ä¶ https://t.co/xOWzxnva7d,84,@FoxNews
0.3252,Sun Sep 16 05:50:00 +0000 2018,0.0,0.825,0.175,.@dbongino: ‚ÄúHow is John Kerry not guilty of a Logan Act violation?‚Äù https://t.co/iZOj0wL0Bm,85,@FoxNews
-0.0516,Sun Sep 16 05:40:00 +0000 2018,0.212,0.593,0.195,Retired admiral who criticized Trump leaves Pentagon board https://t.co/vKxROdjl0D,86,@FoxNews
0.0516,Sun Sep 16 05:30:00 +0000 2018,0.114,0.72,0.165,"""You needed somebody who was a doer. Somebody who solved problems, who got up in the morning to solve problems.""‚Ä¶ https://t.co/9QP7xuB40O",87,@FoxNews
0.0,Sun Sep 16 05:20:00 +0000 2018,0.0,1.0,0.0,.@SecPompeo: ‚ÄúWhat Secretary Kerry has done is unseemly and unprecedented.‚Äù https://t.co/7OY9AxtHec https://t.co/PwppfEBSrM,88,@FoxNews
0.5859,Sun Sep 16 05:10:00 +0000 2018,0.0,0.743,0.257,"Cuomo, after election win, dismisses socialist wave as 'not even a ripple' https://t.co/Ti3Ovrw00Z",89,@FoxNews
0.2732,Sun Sep 16 05:00:00 +0000 2018,0.0,0.9,0.1,".@jonvoight on what made him become a Trump supporter: ""He was self-funding and that meant that he wouldn't have an‚Ä¶ https://t.co/KqhY28uxi2",90,@FoxNews
-0.5994,Sun Sep 16 04:50:00 +0000 2018,0.328,0.672,0.0,Typhoon Mangkhut death toll climbs in Philippines https://t.co/vefmRXACYn https://t.co/eI1uyK9hEN,91,@FoxNews
0.0,Sun Sep 16 04:40:00 +0000 2018,0.0,1.0,0.0,"Richard Neal: ‚ÄúWhat we wanted to do when we put it up there is say nothing more than, ‚Äòthis is America, we are prou‚Ä¶ https://t.co/puxl2FFTEZ",92,@FoxNews
0.0,Sun Sep 16 04:30:00 +0000 2018,0.0,1.0,0.0,".@jonvoight: ""When you look at...John Kennedy's inaugural address‚Äî his inaugural address would be deemed today by t‚Ä¶ https://t.co/xSSf835QkL",93,@FoxNews
-0.2023,Sun Sep 16 04:20:00 +0000 2018,0.091,0.909,0.0,"Last week, controversial documentary filmmaker Michael Moore doubled down on his claim that Donald J. Trump could b‚Ä¶ https://t.co/tAnIt8eXGs",94,@FoxNews
0.0,Sun Sep 16 04:01:00 +0000 2018,0.0,1.0,0.0,".@jonvoight on President @realDonaldTrump: ""He's actually doing what he said he would do."" https://t.co/RxJBSBLti0",95,@FoxNews
-0.7579,Sun Sep 16 03:46:00 +0000 2018,0.333,0.667,0.0,'Bachelor' star Amanda Stanton allegedly 'swung' phone at  boyfriend prior to domestic violence arrest https://t.co/di8PWCiDpD,96,@FoxNews
0.0,Sun Sep 16 03:35:00 +0000 2018,0.0,1.0,0.0,Princess Eugenie‚Äôs wedding dress code reportedly stricter than Meghan Markle‚Äôs https://t.co/WjvWHo43ur,97,@FoxNews
0.4939,Sun Sep 16 03:05:36 +0000 2018,0.0,0.758,0.242,Franklin Graham: Weathering Hurricane Florence ‚Äì there is strength in togetherness https://t.co/Gwq8s3Pa68,98,@FoxNews
0.4019,Sun Sep 16 02:54:51 +0000 2018,0.0,0.838,0.162,Family of Elizabeth Smart kidnapper says they won't take in felon when she's released https://t.co/v5QTyAbqoH,99,@FoxNews
0.2732,Sun Sep 16 17:55:04 +0000 2018,0.077,0.806,0.117,"RT @NYTmag: First, Vanessa Prager made a painting of Maya Rudolph. 
Then parts of the painting were cut out (the face, a hand, a leg) for t‚Ä¶",0,@NYTimes
-0.2732,Sun Sep 16 17:41:28 +0000 2018,0.123,0.877,0.0,A new study of finds a correlation between eating full-fat dairy and a reduced risk of cardiovascular disease https://t.co/DU9Mo7QKFy,1,@NYTimes
0.0,Sun Sep 16 17:22:04 +0000 2018,0.106,0.787,0.106,"There has been another huge misinformation campaign online before an election, this time in Macedonia, and the U.S.‚Ä¶ https://t.co/djkgdmGPe6",2,@NYTimes
-0.802,Sun Sep 16 17:10:05 +0000 2018,0.298,0.702,0.0,"After a series of explosions and fires that killed one and injured more than 20, Massachusetts authorities say thou‚Ä¶ https://t.co/afhdyMGPpZ",3,@NYTimes
-0.4215,Sun Sep 16 16:55:06 +0000 2018,0.128,0.872,0.0,"2 hours, 1 minute, 39 seconds: Eliud Kipchoge of Kenya broke the world record for the marathon by more than a minute https://t.co/hLIKLzbaNS",4,@NYTimes
0.0772,Sun Sep 16 16:40:03 +0000 2018,0.135,0.718,0.147,"What involves a headless goat, galloping horses and some very brave athletes? ""This is the most dangerous game in t‚Ä¶ https://t.co/Q7SGCCU8Os",5,@NYTimes
0.0,Sun Sep 16 16:25:06 +0000 2018,0.0,1.0,0.0,"In Opinion

Geoffrey Wawro writes, ""Through what Senator [Henry Cabot] Lodge called the 'unguarded gates of America‚Ä¶ https://t.co/eCHe8YNXee",6,@NYTimes
0.0772,Sun Sep 16 16:10:06 +0000 2018,0.0,0.936,0.064,Molly Kelly fended off a challenge from the left this week to become the Democratic nominee for New Hampshire's gov‚Ä¶ https://t.co/SSYinyRJ2q,7,@NYTimes
-0.7506,Sun Sep 16 15:55:03 +0000 2018,0.299,0.701,0.0,"Rwanda releases opposition leader Victoire Ingabire Umuhoza from prison, 8 years after she was arrested following h‚Ä¶ https://t.co/If4d7zrUYM",8,@NYTimes
0.0,Sun Sep 16 15:48:48 +0000 2018,0.0,1.0,0.0,"RT @UpshotNYT: We're polling in a key South Florida district right now. Carlos Curbelo, the Republican incumbent, has tried to distance him‚Ä¶",9,@NYTimes
-0.4939,Sun Sep 16 15:40:05 +0000 2018,0.203,0.69,0.108,"Even if Typhoon Mangkhut didn‚Äôt kill thousands like Typhoon Haiyan did, villages in the Philippines face widespread‚Ä¶ https://t.co/LIttaN9Lyx",10,@NYTimes
0.7717,Sun Sep 16 15:24:02 +0000 2018,0.07,0.627,0.303,‚ÄúGod Friended Me‚Äù is the latest in a line of shows about reluctant heroes who help people at the behest of a higher‚Ä¶ https://t.co/ZBemeG9OGk,11,@NYTimes
-0.4215,Sun Sep 16 15:08:38 +0000 2018,0.141,0.859,0.0,Dozens are buried after a landslide in the Philippines crushed a church and a miners' dormitory where people were s‚Ä¶ https://t.co/hBBUcBb40d,12,@NYTimes
0.4939,Sun Sep 16 14:53:50 +0000 2018,0.0,0.862,0.138,"For unions, the fall election provides a test of political strength after years of decline, and of the power of eco‚Ä¶ https://t.co/0o4EflBBbb",13,@NYTimes
-0.8225,Sun Sep 16 14:35:02 +0000 2018,0.286,0.714,0.0,A border patrol agent was arrested in connection with killings of 4 women in Texas. ‚ÄúWe consider this man to be a s‚Ä¶ https://t.co/xWd29RVv6r,14,@NYTimes
-0.5574,Sun Sep 16 14:20:06 +0000 2018,0.204,0.796,0.0,"Unlike those in the path of Hurricane Florence, those in Lawrence, Mass., had no warning when scores of explosions‚Ä¶ https://t.co/Q2vuoDC8aH",15,@NYTimes
0.3818,Sun Sep 16 14:04:34 +0000 2018,0.0,0.88,0.12,"‚ÄúShe never ever said, ‚ÄòWhy is this happening to me?‚Äô She always wanted to protect other people"": Evelyn Rodriguez,‚Ä¶ https://t.co/8Gba7yN4GM",16,@NYTimes
-0.8402,Sun Sep 16 13:46:13 +0000 2018,0.308,0.692,0.0,Breaking News: At least 14 people are dead and rivers are rising fast as Tropical Depression Florence continues to‚Ä¶ https://t.co/v8qmZ4y94N,17,@NYTimes
0.1779,Sun Sep 16 13:41:12 +0000 2018,0.145,0.643,0.213,"Shannon Purser became a fan favorite after her ""Stranger Things"" character died. But that untimely exit was just th‚Ä¶ https://t.co/XcOYoggvQE",18,@NYTimes
-0.3818,Sun Sep 16 13:23:19 +0000 2018,0.154,0.752,0.094,"10 years after the financial crisis, getting ahead by going to work every day seems quaint, like using the phone bo‚Ä¶ https://t.co/nV29I85Jpn",19,@NYTimes
-0.8225,Sun Sep 16 13:07:10 +0000 2018,0.458,0.542,0.0,Tropical Depression Florence Updates: Rivers Swell as Death Toll Rises https://t.co/6jfBtxEC6W,20,@NYTimes
0.4939,Sun Sep 16 13:00:12 +0000 2018,0.0,0.814,0.186,Maple syrup gives an autumnal feel and subtler sweetness to traditionally sugary monkey bread‚Ä¶ https://t.co/qzJi0IUh5X,21,@NYTimes
0.0,Sun Sep 16 12:30:08 +0000 2018,0.0,1.0,0.0,The racial profiling of black people by white officers put new phrases in the American vocabulary ‚Äî driving while b‚Ä¶ https://t.co/f41hzNF0Zg,22,@NYTimes
0.25,Sun Sep 16 12:25:16 +0000 2018,0.0,0.8,0.2,A Boy Named Chance in a Land Without Heart Surgeons https://t.co/pkjkbyRmks,23,@NYTimes
-0.4588,Sun Sep 16 12:09:24 +0000 2018,0.25,0.75,0.0,Trilobites: Watch Plants Light Up When They Get Attacked https://t.co/BRCEZKGnmP,24,@NYTimes
0.7003,Sun Sep 16 12:00:11 +0000 2018,0.0,0.746,0.254,Self-inflicted wounds have helped push President Trump‚Äôs approval ratings below 40% and the fortunes of his party d‚Ä¶ https://t.co/Yp64RMe0Ys,25,@NYTimes
-0.6249,Sun Sep 16 11:30:02 +0000 2018,0.17,0.83,0.0,The global financial crisis is fading into history. But the roots of the next one might already be taking hold. https://t.co/tdANOKZYBL,26,@NYTimes
0.508,Sun Sep 16 11:00:04 +0000 2018,0.0,0.752,0.248,Defense secretary Jim Mattis has been careful to not criticize Trump outright. Pentagon officials said Mattis had b‚Ä¶ https://t.co/o5REG5JrHv,27,@NYTimes
0.2732,Sun Sep 16 10:39:18 +0000 2018,0.0,0.792,0.208,‚ÄòBoJack Horseman‚Äô Creator Talks About Hollywood and Forgiveness https://t.co/4OwKKR7k4X,28,@NYTimes
0.0,Sun Sep 16 10:30:05 +0000 2018,0.0,1.0,0.0,How a Ukrainian hairdresser became a front for Paul Manafort https://t.co/BNEhuo95HQ https://t.co/wOJmzBUfiO,29,@NYTimes
-0.5106,Sun Sep 16 10:00:07 +0000 2018,0.148,0.852,0.0,"Boris Johnson, master at sparking outrage and then asking what all the fuss is about, draws attention and undermine‚Ä¶ https://t.co/YDdwL7rzzp",30,@NYTimes
0.34,Sun Sep 16 09:36:59 +0000 2018,0.065,0.772,0.163,"If you want to help those affected by Typhoon Mangkhut, we offer some guidance, and a list of a few of the organiza‚Ä¶ https://t.co/rWosAbSfT5",31,@NYTimes
0.0,Sun Sep 16 09:28:03 +0000 2018,0.0,1.0,0.0,"Authorities in the Philippines said that landslides had buried at least two buildings where people were sheltering,‚Ä¶ https://t.co/u5ZGlwBehV",32,@NYTimes
0.4939,Sun Sep 16 09:16:53 +0000 2018,0.0,0.758,0.242,Book Entry: Review: Why Start-Ups Need a Regulatory Strategy to Succeed https://t.co/OkWoMnxw3z,33,@NYTimes
0.8176,Sun Sep 16 09:15:32 +0000 2018,0.0,0.679,0.321,Keegan Michael Key had a couple of goals after finishing his sketch comedy show: play an action hero and do Shakesp‚Ä¶ https://t.co/LjoiXNDpjY,34,@NYTimes
-0.8074,Sun Sep 16 08:59:13 +0000 2018,0.289,0.711,0.0,"We interviewed hundreds of people during the financial crisis ‚Äî many on their darkest days. Ten years later, we tra‚Ä¶ https://t.co/ThJM3pjwWs",35,@NYTimes
-0.296,Sun Sep 16 08:42:15 +0000 2018,0.115,0.885,0.0,Starting a diet and exercise program around the beginning of their second trimesters helped many women avoid gainin‚Ä¶ https://t.co/d3FJxuLV6O,36,@NYTimes
0.2382,Sun Sep 16 08:24:37 +0000 2018,0.051,0.857,0.092,"How generous is an ape? It's a hard question for scientists to tackle, but the answer could tell us a lot about our‚Ä¶ https://t.co/JXb3olLZgE",37,@NYTimes
-0.4019,Sun Sep 16 08:07:36 +0000 2018,0.172,0.828,0.0,Pro tip: Don't only talk to the hotel manager when there is a problem https://t.co/732tWL1BBx,38,@NYTimes
-0.2023,Sun Sep 16 07:50:32 +0000 2018,0.149,0.851,0.0,"There's a mental bias for doing ""more"" in medicine. It's often unhelpful and expensive, yet hard to change. https://t.co/vpLdepABx1",39,@NYTimes
0.3612,Sun Sep 16 07:33:34 +0000 2018,0.0,0.848,0.152,Looking at the 2018-19 TV schedule is like flipping the dials on a time machine https://t.co/Hjw2awQgqB,40,@NYTimes
0.0,Sun Sep 16 07:16:36 +0000 2018,0.0,1.0,0.0,Fall need not only be about earth tones and neutrals. Here's some suggestions for clothes that break the rules abou‚Ä¶ https://t.co/bLg0KBqnbM,41,@NYTimes
0.7003,Sun Sep 16 06:59:51 +0000 2018,0.0,0.655,0.345,Because you don't have to break the bank for a good wedding gift https://t.co/tq7bYuenab,42,@NYTimes
-0.6249,Sun Sep 16 06:43:14 +0000 2018,0.255,0.745,0.0,"10 years after the financial crisis, banks know how to resist change https://t.co/Kd1rVfEcmS",43,@NYTimes
-0.5859,Sun Sep 16 06:26:33 +0000 2018,0.274,0.582,0.144,The Freedom Trail in Mississippi is an indictment of the cruelty of racism and a commemoration of those who fought‚Ä¶ https://t.co/ji8YEHeF81,44,@NYTimes
0.5574,Sun Sep 16 06:09:56 +0000 2018,0.0,0.854,0.146,"‚ÄúAt the end of the day, we‚Äôre trying to make people laugh, not change anyone‚Äôs mind,"" said Kaitlin Olson, who plays‚Ä¶ https://t.co/mA9E2SFATj",45,@NYTimes
-0.34,Sun Sep 16 05:53:45 +0000 2018,0.118,0.882,0.0,The epicenter of last decade‚Äôs housing bust is flashing new warning signs ‚Äî this time over affordable housing. Come‚Ä¶ https://t.co/BEu4CfZ3ri,46,@NYTimes
0.4404,Sun Sep 16 05:36:22 +0000 2018,0.0,0.868,0.132,"In the process of getting your body in shape with tai chi, you're likely to improve your mental state https://t.co/KKkQePr2xI",47,@NYTimes
-0.5574,Sun Sep 16 05:19:01 +0000 2018,0.231,0.769,0.0,"What‚Äôs behind a recent rage for designer ruffles, calicos, gingham and high collars? https://t.co/I8BGknbDoB",48,@NYTimes
-0.6597,Sun Sep 16 05:10:57 +0000 2018,0.161,0.839,0.0,RT @S_Evangelina: Brody has terminal cancer and is not likely to live to see Christmas. His neighbors have come together to bring his favor‚Ä¶,49,@NYTimes
0.0,Sun Sep 16 05:02:41 +0000 2018,0.0,1.0,0.0,"Hong Kong is used to fierce storms, but as Typhoon Mangkhut began battering the city, this one felt different. The‚Ä¶ https://t.co/sTOTcXuVr2",50,@NYTimes
0.0,Sun Sep 16 04:51:51 +0000 2018,0.0,1.0,0.0,Smartwatches that don't sacrifice form for function https://t.co/QShCJOt59V,51,@NYTimes
0.4939,Sun Sep 16 04:34:09 +0000 2018,0.0,0.842,0.158,Christine Lahti will be in the starring role she lobbied to land: portraying her friend Gloria Steinem https://t.co/DWIoEvHWkY,52,@NYTimes
0.4939,Sun Sep 16 04:17:51 +0000 2018,0.0,0.756,0.244,"A NASA satellite captured the intense rainfall of Typhoon Mangkhut, 2018‚Äôs strongest storm so far https://t.co/rzoIG4Q8p1",53,@NYTimes
0.0,Sun Sep 16 04:16:03 +0000 2018,0.0,1.0,0.0,Rihanna plans to broaden the fashion community while also disorienting it https://t.co/Zr6bmOycFV,54,@NYTimes
0.0,Sun Sep 16 04:14:27 +0000 2018,0.0,1.0,0.0,RT @NYtmay: Pelting rain in the narrow distance between buildings #TyphoonMangkhut #HongKong https://t.co/fMGn1xZFMz,55,@NYTimes
-0.7269,Sun Sep 16 03:59:04 +0000 2018,0.264,0.736,0.0,"Hurricane Florence continued to move inland at an ominously sluggish pace, fat with rain and threatening to deliver‚Ä¶ https://t.co/06WekD8zpd",56,@NYTimes
-0.6705,Sun Sep 16 03:37:21 +0000 2018,0.244,0.756,0.0,"Typhoon Mangkhut was nearing Hong Kong and the southern coast of China, after cutting a destructive path through th‚Ä¶ https://t.co/xra4QTiYeo",57,@NYTimes
0.0516,Sun Sep 16 03:33:02 +0000 2018,0.0,0.943,0.057,"Whether it's expressed as a delicate pastel or a garish punk hue, pink is here to stay ‚Äî and this exhibit traces it‚Ä¶ https://t.co/f6ovkgKItl",58,@NYTimes
0.0,Sun Sep 16 03:30:25 +0000 2018,0.0,1.0,0.0,RT @hkbeech: Floods in Abulug. #TyphoonManghkut #OmponghPH https://t.co/Wfs0mUaEwm,59,@NYTimes
0.4588,Sun Sep 16 03:14:08 +0000 2018,0.0,0.87,0.13,"Our 52 Places Traveler visits Prague: ""By the time I left, I felt grateful to have glimpsed a tiny slice of the cre‚Ä¶ https://t.co/59IFXzOkHN",60,@NYTimes
0.0,Sun Sep 16 02:56:25 +0000 2018,0.0,1.0,0.0,Live Briefing: Typhoon Mangkhut: Deadly Storm Nears Hong Kong and China‚Äôs Coast https://t.co/5ysKFlS2AH,61,@NYTimes
-0.2899,Sun Sep 16 02:54:31 +0000 2018,0.142,0.772,0.086,"""I rarely talk about my abortion. My silence is not out of shame, but a lack of it."" https://t.co/rBjZM73AF1",62,@NYTimes
0.961,Sun Sep 16 02:37:19 +0000 2018,0.0,0.451,0.549,"RT @TimHerrera: I am so so so beyond thrilled to publish this beautiful, thoughtful, sincerely helpful guide to ~being better at parties~ f‚Ä¶",63,@NYTimes
0.8658,Sun Sep 16 02:19:38 +0000 2018,0.0,0.553,0.447,"These books for preschoolers are setting a new standard for delightfulness, cleverness and flat-out fun https://t.co/7Pv3e48p60",64,@NYTimes
0.0,Sun Sep 16 02:03:23 +0000 2018,0.0,1.0,0.0,Go-to recipes and what you should (and shouldn't) buy for your first place https://t.co/I3XRBZzfsW,65,@NYTimes
-0.5719,Sun Sep 16 01:45:47 +0000 2018,0.198,0.802,0.0,"""We‚Äôre quick to down slippery oysters, stinking cheese and hot dogs made of entrails unknown, but we shy from anyth‚Ä¶ https://t.co/fk4Vg2KsxF",66,@NYTimes
-0.4215,Sun Sep 16 01:28:24 +0000 2018,0.189,0.811,0.0,Part of the considerable allure of Aran lies in what it lacks https://t.co/tGyYAO80aV,67,@NYTimes
0.5574,Sun Sep 16 01:11:43 +0000 2018,0.0,0.72,0.28,"The prospect of playing Freddie Mercury delighted Rami Malek but also kicked up qualms. ""Why would you want to alte‚Ä¶ https://t.co/2hNP1VW9Ky",68,@NYTimes
-0.8271,Sun Sep 16 00:53:39 +0000 2018,0.35,0.65,0.0,"Recession stories tend to begin the same way: lost job, lost home, lost savings. How they end varies much more wide‚Ä¶ https://t.co/KgCyQb92cJ",69,@NYTimes
-0.3182,Sun Sep 16 00:37:06 +0000 2018,0.217,0.628,0.155,"Evelyn Rodriguez, Mother of Girl Killed by MS-13, Remembered for Her Guts and Courage https://t.co/awdJ6AftPf",70,@NYTimes
0.3182,Sun Sep 16 00:27:27 +0000 2018,0.0,0.897,0.103,Andrew Zimmern's deep need to stay in motion is apparent whether you're a fan of his long-running travel show or on‚Ä¶ https://t.co/vfkAOBA5RE,71,@NYTimes
0.0,Sun Sep 16 00:10:36 +0000 2018,0.0,1.0,0.0,Should we be getting so personal? https://t.co/drnob3FWwO,72,@NYTimes
0.0,Sat Sep 15 23:54:33 +0000 2018,0.0,1.0,0.0,California Had Its Own Climate Summit. Now What? https://t.co/wdPdx2kUey,73,@NYTimes
0.0,Sat Sep 15 23:52:18 +0000 2018,0.0,1.0,0.0,"Plunder my songbook, Bob Dylan said. So he did. https://t.co/ZkQ7qYH5Ah",74,@NYTimes
0.5965,Sat Sep 15 23:35:06 +0000 2018,0.0,0.711,0.289,So what's popular this school year? Everyone agrees: It‚Äôs '80s and '90s nostalgia. https://t.co/xHqZrA0Lob,75,@NYTimes
0.0,Sat Sep 15 23:17:51 +0000 2018,0.0,1.0,0.0,Piano Lessons in the Panopticon https://t.co/cSTc8eUFco,76,@NYTimes
0.0,Sat Sep 15 23:04:05 +0000 2018,0.0,1.0,0.0,"If You Hype It, Will They Come? https://t.co/evep0zrtmx",77,@NYTimes
-0.296,Sat Sep 15 22:50:37 +0000 2018,0.109,0.891,0.0,"""I understand why you‚Äôre worried about your girlfriend unraveling. But the person unraveling at the moment is you."" https://t.co/QA4nYatb7A",78,@NYTimes
-0.7096,Sat Sep 15 22:34:27 +0000 2018,0.371,0.629,0.0,"Border Patrol Agent Suspected in Murders of Four Women, Police Say https://t.co/v68TLMZm9a",79,@NYTimes
-0.0516,Sat Sep 15 22:24:40 +0000 2018,0.13,0.793,0.077,"When a flight is delayed or cancelled, you're typically at the mercy of the airline, but here's some tips on mitiga‚Ä¶ https://t.co/fEvilgTdmJ",80,@NYTimes
0.0,Sat Sep 15 22:06:49 +0000 2018,0.0,1.0,0.0,7 roles. 14 actors. 2 languages. 1 stage. https://t.co/DevEUMZuvh,81,@NYTimes
0.0,Sat Sep 15 21:50:15 +0000 2018,0.0,1.0,0.0,Lens: Ruby Washington: A Quiet Trailblazer in Photojournalism https://t.co/RqXQWbX3yF,82,@NYTimes
0.5994,Sat Sep 15 21:43:59 +0000 2018,0.181,0.387,0.432,The Credit Crunch and the Great Recession (Wonkish) https://t.co/xkTr7ltIKD,83,@NYTimes
0.4767,Sat Sep 15 21:34:51 +0000 2018,0.094,0.717,0.188,‚ÄúBlack Panther‚Äù and ‚ÄúA Star Is Born‚Äù are likely to make the final cut for best picture https://t.co/HXUby0aFvi,84,@NYTimes
0.5993,Sat Sep 15 21:18:21 +0000 2018,0.0,0.843,0.157,"Conor McPherson has never spoken to Bob Dylan, but he got the OK to use any of his songs on stage https://t.co/b5nmRxGMZJ",85,@NYTimes
0.0,Sat Sep 15 21:00:14 +0000 2018,0.0,1.0,0.0,A one pot wonder roast https://t.co/QdUQMIUHWw https://t.co/UGnE4CNp4H,86,@NYTimes
0.7717,Sat Sep 15 20:50:06 +0000 2018,0.0,0.645,0.355,"Like every good musical story, their collaboration-turned-romance had its moment of truth: Would their work togethe‚Ä¶ https://t.co/2ebcxSNH9f",87,@NYTimes
0.3182,Sat Sep 15 20:40:04 +0000 2018,0.0,0.892,0.108,Text messages. Skip the expensive TV ads. Embrace your personal history. Some of the progressive victors of the pri‚Ä¶ https://t.co/Jw21pA2ODY,88,@NYTimes
0.4588,Sat Sep 15 20:30:04 +0000 2018,0.0,0.7,0.3,Are you smarter than a gifted elementary schooler? https://t.co/yp9ihAaNtD,89,@NYTimes
0.0,Sat Sep 15 20:20:06 +0000 2018,0.0,1.0,0.0,"RT @davidzucchino: Gas lines, Wilmington NC. One line for cars, one for people with gas cans. Two hour wait. https://t.co/X3A23sWerY",90,@NYTimes
0.0,Sat Sep 15 20:10:04 +0000 2018,0.0,1.0,0.0,"1 apartment in Trump Tower, 2 in SoHo, a brownstone in Brooklyn and a 10-bedroom house in the Hamptons: a look at w‚Ä¶ https://t.co/ZiTT3rVc9Y",91,@NYTimes
0.5719,Sat Sep 15 20:00:17 +0000 2018,0.0,0.844,0.156,"The parents of a 2-year-old boy were told he had 2 months to live. So they decided to celebrate Christmas early, an‚Ä¶ https://t.co/P1IWV1ddiV",92,@NYTimes
-0.5267,Sat Sep 15 19:52:04 +0000 2018,0.139,0.861,0.0,"RT @tylerpager: The Caulder family just returned to their home from a shelter to find a massive tree lying across their property in Coward,‚Ä¶",93,@NYTimes
0.7269,Sat Sep 15 19:45:06 +0000 2018,0.0,0.736,0.264,"This cake, at its best when warm, is full of dark molasses flavor and 3 kinds of ginger https://t.co/m2KXt1MsMC https://t.co/dVXpkXBRFK",94,@NYTimes
-0.6249,Sat Sep 15 19:30:08 +0000 2018,0.313,0.687,0.0,The 2008 financial crisis changed the world. Here's how. https://t.co/8Nur75Tj8Y,95,@NYTimes
0.0,Sat Sep 15 19:20:06 +0000 2018,0.0,1.0,0.0,Move over Usain Bolt. Running's superman is now Eliud Kipchoge. https://t.co/ZehVpbPqT5,96,@NYTimes
-0.25,Sat Sep 15 19:10:03 +0000 2018,0.13,0.87,0.0,"RT @nytopinion: My parents attended my N.Y.U. commencement ceremony on May 13, 2009, with a looming foreclosure and, for the first time sin‚Ä¶",97,@NYTimes
0.508,Sat Sep 15 19:00:06 +0000 2018,0.0,0.752,0.248,Defense secretary Jim Mattis has been careful to not criticize Trump outright. Pentagon officials said Mattis had b‚Ä¶ https://t.co/okiqfJS9Eb,98,@NYTimes
-0.6486,Sat Sep 15 18:45:35 +0000 2018,0.177,0.823,0.0,"Florence, the storm that has left at least 6 dead and nearly a million people without power on the East Coast, cont‚Ä¶ https://t.co/nsq9mKXC5r",99,@NYTimes
